settlement_name,settlement_owner,minTurn,maxTurn,factionId,factionLabel
wh2_main_obsidian_peaks_storag_kor,wh2_main_def_clar_karond,1,28,246,Dark Elves
wh_main_the_vaults_karak_bhufdar,wh_main_grn_broken_nose,1,28,86,Greenskins
wh_main_the_vaults_zarakzil,wh_main_grn_broken_nose,1,28,86,Greenskins
wh_main_southern_grey_mountains_karak_azgaraz,wh_main_grn_crooked_moon,1,37,87,Greenskins
wh2_main_obsidian_peaks_clar_karond,wh2_main_def_clar_karond,1,50,246,Dark Elves
wh2_main_obsidian_peaks_circle_of_destruction,wh2_main_def_clar_karond,1,65,246,Dark Elves
wh2_main_the_black_coast_bleak_hold_fortress,wh2_main_def_bleak_holds,1,9,245,Dark Elves
wh_main_death_pass_karak_drazh,wh_main_grn_greenskins,1,41,88,Greenskins
wh2_main_doom_glades_vauls_anvil,wh2_main_def_bleak_holds,1,23,245,Dark Elves
wh2_main_doom_glades_temple_of_addaioth,wh2_main_def_bleak_holds,1,2,245,Dark Elves
wh2_main_doom_glades_hag_hall,wh2_main_def_bleak_holds,1,20,245,Dark Elves
wh2_main_coast_of_araby_al_haikk,wh2_main_brt_thegans_crusaders,1,52,233,Bretonnia
wh2_main_atalan_mountains_martek,wh2_main_brt_thegans_crusaders,1,49,233,Bretonnia
wh2_main_land_of_assassins_lashiek,wh2_main_brt_knights_of_the_flame,1,187,232,Bretonnia
wh2_main_coast_of_araby_fyrus,wh2_main_brt_knights_of_origo,1,187,231,Bretonnia
wh2_main_deadwood_the_frozen_city,wh2_dlc17_lzd_oxyotl,1,33,229,Lizardmen
wh2_main_southlands_worlds_edge_mountains_karak_zorn,wh2_dlc17_dwf_thorek_ironbrow,1,187,228,Dwarves
wh2_main_naggaroth_glade,wh2_dlc16_wef_sisters_of_twilight,1,78,218,Wood Elves
wh2_main_old_world_glade,wh2_dlc16_wef_drycha,1,187,217,Wood Elves
wh_main_eastern_badlands_karak_eight_peaks,wh_main_grn_necksnappers,1,60,93,Greenskins
wh2_main_northern_dark_lands_silver_pinnacle,wh2_dlc16_vmp_lahmian_sisterhood,1,25,216,Vampires Counts
wh2_main_northern_dark_lands_seep_gore,wh2_dlc16_skv_clan_gritus,1,142,215,Skaven
wh2_main_lustria_glade,wh2_dlc16_lzd_wardens_of_the_living_pools,1,187,214,Lizardmen
wh_main_western_badlands_ekrund,wh_main_grn_orcs_of_the_bloody_hand,1,34,94,Greenskins
wh2_main_the_black_flood_shroktak_mount,wh2_dlc16_grn_naggaroth_orcs,1,24,212,Greenskins
wh_main_northern_worlds_edge_mountains_khazid_irkulaz,wh_main_grn_red_eye,1,66,95,Greenskins
wh_main_peak_pass_gnashraks_lair,wh_main_grn_red_eye,1,63,95,Greenskins
wh2_main_the_black_flood_cragroth_deep,wh2_dlc16_grn_naggaroth_orcs,1,69,212,Greenskins
wh2_main_badlands_glade,wh2_dlc16_grn_creeping_death,1,88,211,Greenskins
wh_main_death_pass_iron_rock,wh_main_grn_red_fangs,1,3,96,Greenskins
wh_main_death_pass_karag_dron,wh_main_grn_red_fangs,1,24,96,Greenskins
wh_main_blood_river_valley_barag_dawazbag,wh_main_grn_scabby_eye,1,8,97,Greenskins
wh_main_blood_river_valley_dok_karaz,wh_main_grn_scabby_eye,1,8,97,Greenskins
wh_main_western_badlands_stonemine_tower,wh_main_grn_scabby_eye,1,8,97,Greenskins
wh_main_eastern_badlands_valayas_sorrow,wh2_dlc15_skv_clan_volkn,1,50,206,Skaven
wh_main_massif_orcal_massif_orcal,wh_main_grn_skullsmasherz,1,84,99,Greenskins
wh_main_northern_grey_mountains_grung_zint,wh_main_grn_skullsmasherz,1,12,99,Greenskins
wh_main_eastern_badlands_dringorackaz,wh2_dlc15_skv_clan_volkn,1,54,206,Skaven
wh_main_eastern_badlands_crooked_fang_fort,wh2_dlc15_skv_clan_volkn,1,52,206,Skaven
wh_main_southern_badlands_gronti_mingol,wh_main_grn_teef_snatchaz,1,20,100,Greenskins
wh_main_western_badlands_bitterstone_mine,wh_main_grn_teef_snatchaz,1,4,100,Greenskins
wh_main_western_badlands_dragonhorn_mines,wh_main_grn_teef_snatchaz,1,2,100,Greenskins
wh_main_southern_badlands_agrul_migdhal,wh_main_grn_top_knotz,1,19,101,Greenskins
wh_main_southern_badlands_galbaraz,wh_main_grn_top_knotz,1,114,101,Greenskins
wh_main_southern_badlands_gor_gazan,wh_main_grn_top_knotz,1,12,101,Greenskins
wh2_main_land_of_the_dead_zandri,wh_main_grn_top_knotz,1,16,101,Greenskins
wh2_main_the_broken_land_blacklight_tower,wh2_main_def_karond_kar,1,40,260,Dark Elves
wh_main_the_wasteland_aarnau,wh_main_emp_marienburg,1,114,76,Empire
wh_main_the_wasteland_gorssel,wh_main_emp_marienburg,1,83,76,Empire
wh_main_the_wasteland_marienburg,wh_main_emp_marienburg,1,80,76,Empire
wh2_main_fort_bergbres,wh_main_emp_marienburg,1,13,76,Empire
wh2_main_the_road_of_skulls_har_ganeth,wh2_main_def_har_ganeth,1,29,258,Dark Elves
wh_main_middenland_carroburg,wh_main_emp_middenland,1,21,77,Empire
wh_main_middenland_middenheim,wh_main_emp_middenland,1,58,77,Empire
wh_main_middenland_middenstag,wh_main_emp_middenland,1,57,77,Empire
wh_main_middenland_weismund,wh_main_emp_middenland,1,46,77,Empire
wh_main_nordland_dietershafen,wh_main_emp_nordland,1,6,78,Empire
wh_main_nordland_salzenmund,wh_main_emp_nordland,1,17,78,Empire
wh_main_ostermark_bechafen,wh_main_emp_ostermark,1,48,79,Empire
wh_main_ostermark_essen,wh_main_emp_ostermark,1,14,79,Empire
wh_main_ostermark_nagenhof,wh_main_emp_ostermark,1,43,79,Empire
wh2_main_northern_worlds_edge_mountains_karak_raziak,wh_main_emp_ostermark,1,1,79,Empire
wh2_main_the_black_flood_hag_graef,wh2_main_def_hag_graef,1,15,256,Dark Elves
wh_main_ostland_castle_von_rauken,wh_main_emp_ostland,1,23,80,Empire
wh_main_ostland_norden,wh_main_emp_ostland,1,95,80,Empire
wh_main_ostland_wolfenburg,wh_main_emp_ostland,1,90,80,Empire
wh2_main_dragon_isles_dragon_fang_mount,wh2_main_def_hag_graef,1,187,256,Dark Elves
wh2_main_the_road_of_skulls_spite_reach,wh2_main_def_ghrond,1,14,255,Dark Elves
wh2_main_the_chill_road_the_great_arena,wh2_main_def_ghrond,1,16,255,Dark Elves
wh_main_stirland_flensburg,wh_main_emp_stirland,1,90,81,Empire
wh_main_stirland_niedling,wh_main_emp_stirland,1,12,81,Empire
wh_main_stirland_the_moot,wh_main_emp_stirland,1,1,81,Empire
wh_main_stirland_wurtbad,wh_main_emp_stirland,1,78,81,Empire
wh2_main_the_chill_road_ghrond,wh2_main_def_ghrond,1,31,255,Dark Elves
wh2_main_the_chill_road_ashrak,wh2_main_def_ghrond,1,27,255,Dark Elves
wh2_main_the_road_of_skulls_the_black_pillar,wh2_main_def_deadwood_sentinels,1,17,254,Dark Elves
wh2_main_deadwood_nagrar,wh2_main_def_deadwood_sentinels,1,61,254,Dark Elves
wh2_main_deadwood_dargoth,wh2_main_def_deadwood_sentinels,1,63,254,Dark Elves
wh2_main_titan_peaks_ancient_city_of_quintex,wh2_main_def_cult_of_pleasure,1,54,248,Dark Elves
wh_main_talabecland_kappelburg,wh_main_emp_talabecland,1,26,82,Empire
wh_main_talabecland_kemperbad,wh_main_emp_talabecland,1,21,82,Empire
wh_main_talabecland_krugenheim,wh_main_emp_talabecland,1,18,82,Empire
wh_main_talabecland_talabheim,wh_main_emp_talabecland,1,42,82,Empire
wh2_main_obsidian_peaks_venom_glade,wh2_main_def_clar_karond,1,10,246,Dark Elves
wh_main_wissenland_nuln,wh_main_emp_wissenland,1,146,83,Empire
wh_main_wissenland_pfeildorf,wh_main_emp_wissenland,1,144,83,Empire
wh_main_wissenland_wissenburg,wh_main_emp_wissenland,1,133,83,Empire
wh_main_black_mountains_karak_angazhar,wh_main_grn_black_venom,1,22,84,Greenskins
wh2_main_solland_steingart,wh_main_grn_black_venom,1,8,84,Greenskins
wh_main_rib_peaks_grom_peak,wh_main_grn_bloody_spearz,1,91,85,Greenskins
wh_main_rib_peaks_mount_gunbad,wh_main_grn_bloody_spearz,1,60,85,Greenskins
wh_main_the_silver_road_mount_squighorn,wh_main_grn_bloody_spearz,1,44,85,Greenskins
wh_main_the_silver_road_the_pillars_of_grungni,wh_main_grn_bloody_spearz,1,45,85,Greenskins
wh2_main_the_plain_of_bones_ash_ridge_mountains,wh2_dlc15_dwf_clan_helhein,1,8,198,Dwarves
wh2_main_the_wolf_lands_mount_silverspear,wh2_dlc14_skv_rictus_clan_nest,1,65,197,Skaven
wh2_main_the_wolf_lands_crookback_mountain,wh2_dlc14_skv_rictus_clan_nest,1,41,197,Skaven
wh2_main_dragon_isles_shattered_stone_isle,wh2_dlc14_lzd_itz_itza_tribe,1,10,196,Lizardmen
wh2_main_dragon_isles_dread_rock,wh2_dlc14_lzd_itz_itza_tribe,1,7,196,Lizardmen
wh2_main_gnoblar_country_shattered_cove,wh2_dlc14_grn_red_cloud,1,12,195,Greenskins
wh2_main_gnoblar_country_pigbarter,wh2_dlc14_grn_red_cloud,1,15,195,Greenskins
wh2_main_gnoblar_country_haunted_forest,wh2_dlc14_grn_red_cloud,1,5,195,Greenskins
wh2_main_coast_of_araby_copher,wh2_dlc14_brt_chevaliers_de_lyonesse,1,140,194,Bretonnia
wh2_main_laurelorn_forest_laurelorn_forest,wh2_dlc13_wef_laurelorn_forest,1,84,193,Wood Elves
wh2_main_the_creeping_jungle_temple_of_kara,wh2_dlc13_emp_the_huntmarshals_expedition,1,54,186,Empire
wh2_main_crater_of_the_walking_dead_doom_glade,wh_main_vmp_vampire_counts,1,13,119,Vampires Counts
wh2_main_the_broken_teeth_desolation_of_nagash,wh_main_vmp_vampire_counts,1,9,119,Vampires Counts
wh2_main_the_broken_teeth_nagashizar,wh_main_vmp_vampire_counts,1,55,119,Vampires Counts
wh2_main_the_clawed_coast_hoteks_column,wh2_dlc09_skv_clan_rictus,1,52,127,Skaven
wh2_main_solland_pfeildorf,wh2_dlc13_emp_golden_order,1,130,185,Empire
wh2_main_fort_soll,wh2_dlc13_emp_golden_order,1,129,185,Empire
wh2_main_the_creeping_jungle_tlanxla,wh2_dlc12_skv_clan_mange,1,13,183,Skaven
wh2_main_shifting_sands_antoch,wh2_dlc09_tmb_dune_kingdoms,1,187,129,Tomb Kings
wh2_main_shifting_sands_bhagar,wh2_dlc09_tmb_dune_kingdoms,1,187,129,Tomb Kings
wh2_main_spine_of_sotek_monument_of_izzatal,wh2_dlc12_skv_clan_mange,1,16,183,Skaven
wh2_main_blackspine_mountains_plain_of_spiders,wh2_dlc09_tmb_exiles_of_nehek,1,90,130,Tomb Kings
wh2_main_volcanic_islands_fuming_serpent,wh2_dlc12_skv_clan_fester,1,7,182,Skaven
wh2_main_northern_great_jungle_xahutec,wh2_dlc12_skv_clan_fester,1,9,182,Skaven
wh2_main_headhunters_jungle_marks_of_the_old_ones,wh2_dlc12_skv_clan_fester,1,8,182,Skaven
wh2_main_land_of_assassins_palace_of_the_wizard_caliph,wh2_dlc09_tmb_followers_of_nagash,1,19,131,Tomb Kings
wh2_main_land_of_assassins_sorcerers_islands,wh2_dlc09_tmb_followers_of_nagash,1,99,131,Tomb Kings
wh2_main_northern_great_jungle_xlanhuapec,wh2_dlc12_lzd_cult_of_sotek,1,187,181,Lizardmen
wh2_main_misty_hills_wreckers_point,wh2_dlc12_grn_leaf_cutterz_tribe,1,48,180,Greenskins
wh2_main_misty_hills_the_black_pit,wh2_dlc12_grn_leaf_cutterz_tribe,1,50,180,Greenskins
wh2_main_great_desert_of_araby_el-kalabad,wh2_dlc09_tmb_khemri,1,131,132,Tomb Kings
wh2_main_land_of_the_dead_khemri,wh2_dlc09_tmb_khemri,1,187,132,Tomb Kings
wh_main_northern_grey_mountains_blackstone_post,wh2_dlc11_vmp_the_barrow_legion,1,63,179,Vampires Counts
wh2_main_headhunters_jungle_chupayotl,wh2_dlc11_def_the_blessed_dread,1,45,173,Dark Elves
wh2_main_vampire_coast_pox_marsh,wh2_dlc11_cst_vampire_coast_rebels,1,23,170,Vampire Coast
wh2_main_devils_backbone_lybaras,wh2_dlc09_tmb_lybaras,1,81,133,Tomb Kings
wh2_main_northern_great_jungle_temple_of_tlencan,wh2_dlc11_cst_vampire_coast_rebels,1,33,170,Vampire Coast
wh2_main_vampire_coast_the_blood_swamps,wh2_dlc11_cst_vampire_coast,1,100,164,Vampire Coast
wh2_main_vampire_coast_the_awakening,wh2_dlc11_cst_vampire_coast,1,96,164,Vampire Coast
wh2_main_southern_jungle_of_pahualaxa_monument_of_the_moon,wh2_dlc11_cst_the_drowned,1,80,162,Vampire Coast
wh2_main_sartosa_sartosa,wh2_dlc11_cst_pirates_of_sartosa,1,19,150,Vampire Coast
wh2_main_the_galleons_graveyard,wh2_dlc11_cst_noctilus,1,97,148,Vampire Coast
wh2_main_ash_river_numas,wh2_dlc09_tmb_numas,1,113,134,Tomb Kings
wh2_main_ash_river_quatar,wh2_dlc09_tmb_numas,1,46,134,Tomb Kings
wh2_main_great_desert_of_araby_black_tower_of_arkhan,wh2_dlc09_tmb_rakaph_dynasty,1,187,135,Tomb Kings
wh2_main_great_desert_of_araby_pools_of_despair,wh2_dlc09_tmb_rakaph_dynasty,1,187,135,Tomb Kings
wh2_main_great_mortis_delta_black_pyramid_of_nagash,wh2_dlc09_tmb_the_sentinels,1,148,136,Tomb Kings
wh_main_eastern_oblast_praag,wh_main_ksl_kislev,1,55,102,Kislev
wh_main_eastern_oblast_volksgrad,wh_main_ksl_kislev,1,58,102,Kislev
wh_main_northern_oblast_fort_ostrosk,wh_main_ksl_kislev,1,31,102,Kislev
wh_main_northern_oblast_fort_straghov,wh_main_ksl_kislev,1,28,102,Kislev
wh_main_ostermark_mordheim,wh2_dlc15_skv_clan_kreepus,1,5,205,Skaven
wh_main_southern_oblast_fort_jakova,wh_main_ksl_kislev,1,55,102,Kislev
wh_main_southern_oblast_kislev,wh_main_ksl_kislev,1,63,102,Kislev
wh_main_southern_oblast_zavastra,wh_main_ksl_kislev,1,45,102,Kislev
wh_main_troll_country_erengrad,wh_main_ksl_kislev,1,48,102,Kislev
wh_main_troll_country_zoishenk,wh_main_ksl_kislev,1,30,102,Kislev
wh_main_zhufbar_oakenhammer,wh2_dlc15_skv_clan_ferrik,1,94,204,Skaven
wh_main_vanaheim_mountains_bjornlings_gathering,wh_main_nor_bjornling,1,187,105,Norsca
wh_main_vanaheim_mountains_pack_ice_bay,wh_main_nor_bjornling,1,187,105,Norsca
wh_main_vanaheim_mountains_troll_fjord,wh_main_nor_bjornling,1,187,105,Norsca
wh_main_zhufbar_karag_dromar,wh2_dlc15_skv_clan_ferrik,1,109,204,Skaven
wh2_main_the_plain_of_bones_the_fortress_of_vorag,wh2_dlc15_hef_imrik,1,64,203,High Elves
wh_main_ice_tooth_mountains_doomkeep,wh_main_nor_skaeling,1,17,111,Norsca
wh_main_ice_tooth_mountains_longship_graveyard,wh_main_nor_skaeling,1,6,111,Norsca
wh_main_mountains_of_naglfari_naglfari_plain,wh_main_nor_varg,1,187,112,Norsca
wh_main_mountains_of_naglfari_varg_camp,wh_main_nor_varg,1,64,112,Norsca
wh_main_trollheim_mountains_bay_of_blades,wh_main_nor_varg,1,187,112,Norsca
wh_main_trollheim_mountains_sarl_encampment,wh_main_nor_varg,1,35,112,Norsca
wh_main_trollheim_mountains_the_tower_of_khrakk,wh_main_nor_varg,1,160,112,Norsca
wh_main_eastern_border_princes_akendorf,wh_main_teb_border_princes,1,35,113,The Southern Realms
wh_main_eastern_border_princes_matorca,wh_main_teb_border_princes,1,33,113,The Southern Realms
wh_main_western_border_princes_myrmidens,wh_main_teb_border_princes,1,25,113,The Southern Realms
wh_main_western_border_princes_zvorak,wh_main_teb_border_princes,1,31,113,The Southern Realms
wh_main_estalia_bilbali,wh_main_teb_estalia,1,2,114,The Southern Realms
wh_main_estalia_magritta,wh_main_teb_estalia,1,52,114,The Southern Realms
wh_main_tilea_luccini,wh_main_teb_tilea,1,18,115,The Southern Realms
wh_main_tilea_miragliano,wh_main_teb_tilea,1,14,115,The Southern Realms
wh_main_lyonesse_mousillon,wh_main_vmp_mousillon,1,102,116,Vampires Counts
wh_main_eastern_sylvania_eschen,wh_main_vmp_rival_sylvanian_vamps,1,6,117,Vampires Counts
wh_main_eastern_sylvania_waldenhof,wh_main_vmp_rival_sylvanian_vamps,1,25,117,Vampires Counts
wh_main_western_sylvania_castle_templehof,wh_main_vmp_rival_sylvanian_vamps,1,23,117,Vampires Counts
wh_main_western_sylvania_fort_oberstyre,wh_main_vmp_rival_sylvanian_vamps,1,6,117,Vampires Counts
wh_main_blightwater_misty_mountain,wh2_dlc15_grn_skull_crag,1,96,201,Greenskins
wh_main_blightwater_kradtommen,wh2_dlc15_grn_skull_crag,1,98,201,Greenskins
wh_main_blightwater_deff_gorge,wh2_dlc15_grn_skull_crag,1,106,201,Greenskins
wh2_main_yvresse_tralinia,wh2_dlc15_grn_broken_axe,1,1,200,Greenskins
wh2_main_yvresse_shrine_of_loec,wh2_dlc15_grn_broken_axe,1,14,200,Greenskins
wh_main_western_sylvania_schwartzhafen,wh_main_vmp_schwartzhafen,1,46,118,Vampires Counts
wh_main_eastern_sylvania_castle_drakenhof,wh_main_vmp_vampire_counts,1,103,119,Vampires Counts
wh2_main_yvresse_elessaeli,wh2_dlc15_grn_broken_axe,1,13,200,Greenskins
wh_main_northern_worlds_edge_mountains_karak_ungor,wh2_dlc15_grn_bonerattlaz,1,70,199,Greenskins
wh2_main_the_wolf_lands_mount_greyhag,wh2_dlc15_dwf_clan_helhein,1,8,198,Dwarves
wh2_main_the_plain_of_bones_darkhold,wh2_dlc15_dwf_clan_helhein,1,1,198,Dwarves
wh2_main_southern_great_jungle_itza,wh2_main_lzd_itza,1,187,288,Lizardmen
wh2_main_shifting_sands_ka-sabar,wh2_main_vmp_necrarch_brotherhood,1,16,343,Vampires Counts
wh2_main_western_jungles_cuexotl,wh2_main_lzd_hexoatl,1,13,287,Lizardmen
wh2_main_southlands_jungle_golden_tower_of_the_gods,wh2_main_lzd_hexoatl,1,29,287,Lizardmen
wh2_main_southern_jungle_of_pahualaxa_pahuax,wh2_main_lzd_hexoatl,1,178,287,Lizardmen
wh2_main_southern_great_jungle_subatuun,wh2_main_lzd_hexoatl,1,5,287,Lizardmen
wh2_main_southern_great_jungle_axlotl,wh2_main_lzd_hexoatl,1,2,287,Lizardmen
wh2_main_northern_jungle_of_pahualaxa_shrine_of_sotek,wh2_main_lzd_hexoatl,1,165,287,Lizardmen
wh2_main_northern_jungle_of_pahualaxa_macu_peaks,wh2_main_lzd_hexoatl,1,170,287,Lizardmen
wh2_main_northern_great_jungle_chaqua,wh2_main_lzd_hexoatl,1,69,287,Lizardmen
wh2_main_jungles_of_green_mists_wellsprings_of_eternity,wh2_main_lzd_hexoatl,1,102,287,Lizardmen
wh2_main_jungles_of_green_mists_spektazuma,wh2_main_lzd_hexoatl,1,111,287,Lizardmen
wh2_main_jungles_of_green_mist_pillars_of_unseen_constellations,wh2_main_lzd_hexoatl,1,187,287,Lizardmen
wh_main_the_silver_road_karaz_a_karak,wh_main_dwf_dwarfs,1,155,52,Dwarves
wh_main_mountains_of_hel_winter_pyre,wh_dlc08_nor_wintertooth,1,187,35,Norsca
wh2_main_marshes_of_madness_floating_village,wh2_main_vmp_strygos_empire,1,29,344,Vampires Counts
wh2_main_isthmus_of_lustria_hexoatl,wh2_main_lzd_hexoatl,1,154,287,Lizardmen
wh2_main_marshes_of_madness_morgheim,wh2_main_vmp_strygos_empire,1,27,344,Vampires Counts
wh2_main_huahuan_desert_chamber_of_visions,wh2_main_lzd_hexoatl,1,8,287,Lizardmen
wh2_main_headhunters_jungle_mangrove_coast,wh2_main_lzd_hexoatl,1,4,287,Lizardmen
wh2_main_albion_citadel_of_lead,wh_dlc08_nor_vanaheimlings,1,4,34,Norsca
wh2_main_northern_dark_lands_karak_vlag,wh_main_dwf_dwarfs,1,187,52,Dwarves
wh2_main_yvresse_tor_yvresse,wh2_main_hef_yvresse,1,95,286,High Elves
wh2_main_tiranoc_whitepeak,wh2_main_hef_tiranoc,1,24,285,High Elves
wh2_main_tiranoc_tor_anroc,wh2_main_hef_tiranoc,1,22,285,High Elves
wh2_main_southern_dark_lands_deadrock_gap,wh_main_dwf_dwarfs,1,187,52,Dwarves
wh2_main_albion_albion,wh_dlc08_nor_vanaheimlings,1,2,34,Norsca
wh2_main_southern_dark_lands_desolation_of_drakenmoor,wh_main_dwf_dwarfs,1,187,52,Dwarves
wh2_main_southlands_worlds_edge_mountains_lost_plateau,wh_main_dwf_dwarfs,1,9,52,Dwarves
wh2_main_crater_of_the_walking_dead_rasetra,wh2_main_vmp_the_silver_host,1,20,345,Vampires Counts
wh2_main_griffon_gate,wh2_main_hef_tiranoc,1,82,285,High Elves
wh2_main_saphery_tower_of_hoeth,wh2_main_hef_saphery,1,52,284,High Elves
wh_main_desolation_of_nagash_black_iron_mine,wh_main_dwf_karak_azul,1,23,60,Dwarves
wh_main_desolation_of_nagash_karak_azul,wh_main_dwf_karak_azul,1,26,60,Dwarves
wh_main_desolation_of_nagash_spitepeak,wh_main_dwf_karak_azul,1,28,60,Dwarves
wh_main_black_mountains_karak_hirn,wh_main_dwf_karak_hirn,1,128,61,Dwarves
wh_main_black_mountains_mighdal_vongalbarak,wh_main_dwf_karak_hirn,1,126,61,Dwarves
wh2_main_saphery_tor_finu,wh2_main_hef_saphery,1,29,284,High Elves
wh2_main_saphery_port_elistor,wh2_main_hef_saphery,1,24,284,High Elves
wh_main_the_vaults_karak_izor,wh_main_dwf_karak_izor,1,155,62,Dwarves
wh2_main_isthmus_of_lustria_ziggurat_of_dawn,wh_dlc08_nor_norsca,1,11,33,Norsca
wh2_main_headhunters_jungle_oyxl,wh2_main_skv_clan_pestilens,1,46,333,Skaven
wh2_main_hell_pit_hell_pit,wh2_main_skv_clan_moulder,1,186,331,Skaven
wh2_main_iron_mountains_altar_of_ultimate_darkness,wh2_main_skv_clan_septik,1,16,335,Skaven
wh_main_bordeleaux_et_aquitaine_bordeleaux,wh_main_brt_bordeleaux,1,176,38,Bretonnia
wh_main_couronne_et_languille_couronne,wh_main_brt_bretonnia,1,180,39,Bretonnia
wh_main_couronne_et_languille_languille,wh_main_brt_bretonnia,1,171,39,Bretonnia
wh_main_bordeleaux_et_aquitaine_aquitaine,wh_main_brt_bordeleaux,1,175,38,Bretonnia
wh2_main_charnel_valley_karag_orrud,wh2_main_skv_clan_mors,1,89,329,Skaven
wh_main_bastonne_et_montfort_montfort,wh_main_brt_bastonne,1,7,37,Bretonnia
wh2_main_kingdom_of_beasts_the_cursed_jungle,wh2_main_skv_clan_mordkin,1,9,328,Skaven
wh2_main_kingdom_of_beasts_serpent_coast,wh2_main_skv_clan_mordkin,1,9,328,Skaven
wh2_main_isthmus_of_lustria_fallen_gates,wh2_main_skv_clan_gnaw,1,4,327,Skaven
wh_main_bastonne_et_montfort_castle_bastonne,wh_main_brt_bastonne,1,106,37,Bretonnia
wh2_main_gnoblar_country_flayed_rock,wh2_main_skv_clan_eshin,1,96,325,Skaven
wh_main_forest_of_arden_gisoreux,wh_main_brt_artois,1,171,36,Bretonnia
wh2_main_isthmus_of_lustria_skeggi,wh2_main_nor_skeggi,1,13,300,Norsca
wh2_main_ironfrost_glacier_ironfrost,wh2_main_nor_mung,1,49,299,Norsca
wh_main_forest_of_arden_castle_artois,wh_main_brt_artois,1,52,36,Bretonnia
wh2_main_ironfrost_glacier_dagraks_end,wh2_main_nor_mung,1,24,299,Norsca
wh2_main_aghol_wastelands_the_palace_of_ruin,wh2_main_nor_aghol,1,187,298,Norsca
wh_main_carcassone_et_brionne_brionne,wh_main_brt_carcassonne,1,23,43,Bretonnia
wh_main_carcassone_et_brionne_castle_carcassonne,wh_main_brt_carcassonne,1,117,43,Bretonnia
wh2_main_aghol_wastelands_palace_of_princes,wh2_main_nor_aghol,1,47,298,Norsca
wh2_main_iron_mountains_har_kaldra,wh2_main_skv_clan_septik,1,12,335,Skaven
wh_main_lyonesse_lyonesse,wh_main_brt_lyonesse,1,7,44,Bretonnia
wh2_main_iron_mountains_rackdo_gorge,wh2_main_skv_clan_septik,1,12,335,Skaven
wh_main_parravon_et_quenelles_parravon,wh_main_brt_parravon,1,68,45,Bretonnia
wh_main_parravon_et_quenelles_quenelles,wh_main_brt_parravon,1,15,45,Bretonnia
wh2_main_aghol_wastelands_fortress_of_the_damned,wh2_main_nor_aghol,1,187,298,Norsca
wh_main_blood_river_valley_barak_varr,wh_main_dwf_barak_varr,1,17,51,Dwarves
wh2_main_the_creeping_jungle_tlaxtlan,wh2_main_lzd_tlaxtlan,1,187,296,Lizardmen
wh_main_blood_river_valley_varenka_hills,wh_main_dwf_barak_varr,1,13,51,Dwarves
wh_main_estalia_tobaro,wh2_main_skv_clan_skyre,1,187,337,Skaven
wh_main_blightwater_karak_azgal,wh_main_dwf_dwarfs,1,16,52,Dwarves
wh2_main_western_jungles_tlaqua,wh2_main_lzd_tlaqua,1,187,295,Lizardmen
wh2_main_skavenblight_skavenblight,wh2_main_skv_clan_skyre,1,187,337,Skaven
wh2_main_southlands_jungle_teotiqua,wh2_main_lzd_teotiqua,1,187,294,Lizardmen
wh2_main_huahuan_desert_the_golden_colossus,wh2_main_lzd_sentinels_of_xeti,1,187,293,Lizardmen
wh2_main_huahuan_desert_sentinels_of_xeti,wh2_main_lzd_sentinels_of_xeti,1,187,293,Lizardmen
wh_main_southern_grey_mountains_grimhold,wh2_main_skv_clan_spittel,1,64,338,Skaven
wh2_main_kingdom_of_beasts_temple_of_skulls,wh2_main_lzd_last_defenders,1,187,289,Lizardmen
wh2_main_ash_river_springs_of_eternal_life,wh2_main_vmp_necrarch_brotherhood,1,9,343,Vampires Counts
wh_main_athel_loren_crag_halls,wh_dlc05_wef_wydrioth,1,167,21,Wood Elves
wh_main_yn_edri_eternos_the_oak_of_ages,wh_dlc05_wef_wood_elves,1,159,17,Wood Elves
wh_main_athel_loren_yn_edryl_korian,wh_dlc05_wef_wood_elves,1,158,17,Wood Elves
wh2_main_charnel_valley_granite_massif,wh2_main_grn_arachnos,1,18,271,Greenskins
wh2_main_land_of_the_dervishes_sudenburg,wh2_main_emp_sudenburg,1,135,270,Empire
wh2_main_land_of_the_dervishes_plain_of_tuskers,wh2_main_emp_sudenburg,1,62,270,Empire
wh2_main_northern_jungle_of_pahualaxa_swamp_town,wh2_main_emp_new_world_colonies,1,47,269,Empire
wh2_main_northern_jungle_of_pahualaxa_port_reaver,wh2_main_emp_new_world_colonies,1,21,269,Empire
wh_main_athel_loren_vauls_anvil,wh_dlc05_wef_torgovann,1,168,16,Wood Elves
wh2_main_spine_of_sotek_mine_of_the_bearded_skulls,wh2_main_dwf_spine_of_sotek_dwarfs,1,187,268,Dwarves
wh2_main_spine_of_sotek_hualotal,wh2_main_dwf_spine_of_sotek_dwarfs,1,56,268,Dwarves
wh2_main_atalan_mountains_vulture_mountain,wh2_main_dwf_greybeards_prospectors,1,176,266,Dwarves
wh2_main_atalan_mountains_eye_of_the_panther,wh2_main_dwf_greybeards_prospectors,1,187,266,Dwarves
wh2_main_the_clawed_coast_the_twisted_glade,wh2_main_def_the_forgebound,1,104,265,Dark Elves
wh2_main_the_clawed_coast_the_monoliths,wh2_main_def_the_forgebound,1,75,265,Dark Elves
wh2_main_titan_peaks_the_moon_shard,wh2_main_def_ssildra_tor,1,27,264,Dark Elves
wh2_main_titan_peaks_ssildra_tor,wh2_main_def_ssildra_tor,1,22,264,Dark Elves
wh2_main_titan_peaks_ironspike,wh2_main_def_ssildra_tor,1,24,264,Dark Elves
wh2_main_phoenix_gate,wh2_main_def_scourge_of_khaine,1,34,263,Dark Elves
wh2_main_nagarythe_tor_dranil,wh2_main_def_scourge_of_khaine,1,22,263,Dark Elves
wh2_main_nagarythe_tor_anlec,wh2_main_def_scourge_of_khaine,1,40,263,Dark Elves
wh2_main_nagarythe_shrine_of_khaine,wh2_main_def_scourge_of_khaine,1,72,263,Dark Elves
wh_main_athel_loren_waterfall_palace,wh_dlc05_wef_argwylon,1,187,15,Wood Elves
wh2_main_avelorn_tor_saroir,wh2_main_def_scourge_of_khaine,1,13,263,Dark Elves
wh2_main_avelorn_evershale,wh2_main_def_scourge_of_khaine,1,15,263,Dark Elves
wh2_main_the_road_of_skulls_kauark,wh2_main_def_naggarond,1,187,261,Dark Elves
wh2_main_the_black_flood_temple_of_khaine,wh2_main_def_naggarond,1,187,261,Dark Elves
wh2_main_great_desert_of_araby_bel_aliad,wh_main_emp_empire,1,20,69,Empire
wh2_main_iron_mountains_naggarond,wh2_main_def_naggarond,1,187,261,Dark Elves
wh2_main_doom_glades_ice_rock_gorge,wh2_main_def_naggarond,1,5,261,Dark Elves
wh2_main_deadwood_shagrath,wh2_main_def_naggarond,1,125,261,Dark Elves
wh2_main_blackspine_mountains_red_desert,wh2_main_def_naggarond,1,187,261,Dark Elves
wh_main_reikland_eilhart,wh_main_emp_empire_separatists,1,7,74,Empire
wh_main_reikland_grunburg,wh_main_emp_empire_separatists,1,6,74,Empire
wh_main_reikland_helmgart,wh_main_emp_empire_separatists,1,5,74,Empire
wh2_main_fort_helmgart,wh_main_emp_empire_separatists,1,76,74,Empire
wh_main_hochland_brass_keep,wh_main_emp_hochland,1,169,75,Empire
wh_main_hochland_hergig,wh_main_emp_hochland,1,54,75,Empire
wh2_main_blackspine_mountains_plain_of_dogs,wh2_main_def_naggarond,1,14,261,Dark Elves
wh2_main_the_broken_land_slavers_point,wh2_main_def_karond_kar,1,42,260,Dark Elves
wh2_main_the_broken_land_karond_kar,wh2_main_def_karond_kar,1,118,260,Dark Elves
wh2_main_devils_backbone_lahmia,wh2_main_vmp_the_silver_host,1,84,345,Vampires Counts
wh_main_ice_tooth_mountains_icedrake_fjord,wh_dlc08_nor_norsca,1,187,33,Norsca
wh2_main_devils_backbone_mahrak,wh2_main_vmp_the_silver_host,1,15,345,Vampires Counts
wh_main_peak_pass_karak_kadrin,wh_main_dwf_karak_kadrin,1,161,63,Dwarves
wh_main_southern_grey_mountains_karak_norn,wh_main_dwf_karak_norn,1,153,64,Dwarves
wh2_main_volcanic_islands_the_star_tower,wh2_main_hef_order_of_loremasters,1,187,283,High Elves
wh2_main_heart_of_the_jungle_oreons_camp,wh2_main_wef_bowmen_of_oreon,1,187,346,Wood Elves
wh_main_mountains_of_hel_altar_of_spawns,wh_dlc08_nor_naglfarlings,1,22,32,Norsca
wh_main_mountains_of_hel_aeslings_conclave,wh_dlc08_nor_naglfarlings,1,10,32,Norsca
wh_main_northern_grey_mountains_karak_ziflin,wh_main_dwf_karak_ziflin,1,169,65,Dwarves
wh_main_helspire_mountains_the_monolith_of_katam,wh_dlc08_nor_helspire_tribe,1,187,31,Norsca
wh_main_helspire_mountains_serpent_jetty,wh_dlc08_nor_helspire_tribe,1,187,31,Norsca
wh_main_helspire_mountains_graeling_moot,wh_dlc08_nor_helspire_tribe,1,187,31,Norsca
wh_main_gianthome_mountains_khazid_bordkarag,wh_main_dwf_kraka_drak,1,2,66,Dwarves
wh_main_goromandy_mountains_frozen_landing,wh_dlc08_nor_goromadny_tribe,1,187,30,Norsca
wh_main_gianthome_mountains_kraka_drak,wh_main_dwf_kraka_drak,1,50,66,Dwarves
wh_main_gianthome_mountains_sjoktraken,wh_main_dwf_kraka_drak,1,5,66,Dwarves
wh_main_zhufbar_zhufbar,wh_main_dwf_zhufbar,1,50,67,Dwarves
wh_main_averland_averheim,wh_main_emp_averland,1,131,68,Empire
wh_main_averland_grenzstadt,wh_main_emp_averland,1,132,68,Empire
wh2_main_the_black_coast_arnheim,wh2_main_hef_nagarythe,1,154,282,High Elves
wh_main_goromandy_mountains_baersonlings_camp,wh_dlc08_nor_goromadny_tribe,1,187,30,Norsca
wh2_main_unicorn_gate,wh2_main_hef_ellyrion,1,77,278,High Elves
wh2_main_ellyrion_whitefire_tor,wh2_main_hef_ellyrion,1,80,278,High Elves
wh2_main_ellyrion_tor_elyr,wh2_main_hef_ellyrion,1,116,278,High Elves
wh2_main_eagle_gate,wh2_main_hef_ellyrion,1,105,278,High Elves
wh2_main_albion_isle_of_wights,wh2_twa03_def_rakarth,1,187,347,Dark Elves
wh2_main_eataine_tower_of_lysean,wh2_main_hef_eataine,1,152,277,High Elves
wh2_main_eataine_shrine_of_asuryan,wh2_main_hef_eataine,1,6,277,High Elves
wh2_main_eataine_lothern,wh2_main_hef_eataine,1,124,277,High Elves
wh2_main_eataine_angerrial,wh2_main_hef_eataine,1,125,277,High Elves
wh2_main_cothique_tor_koruali,wh2_main_hef_cothique,1,103,276,High Elves
wh2_main_cothique_mistnar,wh2_main_hef_cothique,1,104,276,High Elves
wh2_main_chrace_tor_achare,wh2_main_hef_chrace,1,161,275,High Elves
wh2_main_chrace_elisia,wh2_main_hef_chrace,1,159,275,High Elves
wh2_main_caledor_vauls_anvil,wh2_main_hef_caledor,1,27,274,High Elves
wh2_main_caledor_tor_sethai,wh2_main_hef_caledor,1,26,274,High Elves
wh2_main_avelorn_gaean_vale,wh2_main_hef_avelorn,1,45,273,High Elves
wh2_main_southern_jungle_of_pahualaxa_the_high_sentinel,wh2_main_grn_blue_vipers,1,24,272,Greenskins
wh2_main_southern_jungle_of_pahualaxa_floating_pyramid,wh2_main_grn_blue_vipers,1,11,272,Greenskins
wh2_main_southlands_worlds_edge_mountains_mount_arachnos,wh2_main_grn_arachnos,1,9,271,Greenskins
wh_main_reikland_altdorf,wh_main_emp_empire,1,157,69,Empire
wh2_main_northern_worlds_edge_mountains_karak_raziak,wh2_dlc15_grn_bonerattlaz,2,85,199,Greenskins
wh_main_stirland_the_moot,wh_main_vmp_schwartzhafen,2,45,118,Vampires Counts
wh2_main_the_plain_of_bones_darkhold,wh2_dlc15_hef_imrik,2,56,203,High Elves
wh2_main_fort_soll,wh_main_grn_skull-takerz,2,7,98,Greenskins
wh2_main_yvresse_tralinia,wh2_main_hef_yvresse,2,89,286,High Elves
wh_main_the_silver_road_the_pillars_of_grungni,wh_main_dwf_dwarfs,2,156,52,Dwarves
wh_main_estalia_bilbali,wh_dlc03_bst_beastmen,3,49,2,Beastman
wh_main_gianthome_mountains_khazid_bordkarag,wh2_main_skv_clan_moulder,3,187,331,Skaven
wh2_main_albion_albion,wh2_twa03_def_rakarth,3,187,347,Dark Elves
wh_main_western_badlands_dragonhorn_mines,wh_main_grn_orcs_of_the_bloody_hand,3,28,94,Greenskins
wh2_main_doom_glades_temple_of_addaioth,wh2_dlc09_tmb_exiles_of_nehek,3,89,130,Tomb Kings
wh2_main_southern_great_jungle_axlotl,wh2_main_lzd_itza,3,187,288,Lizardmen
wh_main_the_silver_road_mount_squighorn,wh_main_dwf_dwarfs,3,157,52,Dwarves
wh2_main_caledor_tor_sethai,wh2_dlc11_cst_noctilus,4,19,148,Vampire Coast
wh_main_death_pass_iron_rock,wh_main_grn_greenskins,4,17,88,Greenskins
wh2_main_albion_citadel_of_lead,wh2_twa03_def_rakarth,5,174,347,Dark Elves
wh2_main_headhunters_jungle_mangrove_coast,wh2_dlc11_def_the_blessed_dread,5,48,173,Dark Elves
wh_main_western_badlands_bitterstone_mine,wh_main_grn_orcs_of_the_bloody_hand,5,39,94,Greenskins
wh2_main_isthmus_of_lustria_fallen_gates,wh2_main_lzd_hexoatl,5,155,287,Lizardmen
wh2_main_the_clawed_coast_the_twisted_glade,wh2_dlc09_skv_clan_rictus,6,33,127,Skaven
wh2_main_southern_dark_lands_desolation_of_drakenmoor,wh2_dlc16_vmp_lahmian_sisterhood,6,24,216,Vampires Counts
wh_main_ostermark_mordheim,wh2_dlc16_wef_drycha,6,187,217,Wood Elves
wh2_main_gnoblar_country_haunted_forest,wh2_main_skv_clan_eshin,6,187,325,Skaven
wh2_main_doom_glades_ice_rock_gorge,wh2_main_def_bleak_holds,6,19,245,Dark Elves
wh_main_reikland_helmgart,wh_main_emp_empire,6,180,69,Empire
wh2_main_the_road_of_skulls_kauark,wh2_main_def_deadwood_sentinels,6,25,254,Dark Elves
wh_main_gianthome_mountains_sjoktraken,wh2_main_skv_clan_moulder,6,14,331,Skaven
wh2_main_southern_great_jungle_subatuun,wh2_main_skv_clan_pestilens,6,35,333,Skaven
wh2_main_great_desert_of_araby_el-kalabad,wh2_main_lzd_tlaqua,7,187,295,Lizardmen
wh_main_western_badlands_bitterstone_mine,wh_main_grn_scabby_eye,7,8,97,Greenskins
wh_main_ice_tooth_mountains_longship_graveyard,wh_dlc08_nor_norsca,7,187,33,Norsca
wh2_main_eataine_shrine_of_asuryan,wh2_main_hef_saphery,7,26,284,High Elves
wh_main_western_sylvania_fort_oberstyre,wh_main_vmp_vampire_counts,7,101,119,Vampires Counts
wh_main_southern_badlands_agrul_migdhal,wh2_dlc17_bst_malagor,7,112,226,Beastman
wh_main_eastern_sylvania_eschen,wh_main_vmp_vampire_counts,7,103,119,Vampires Counts
wh_main_reikland_grunburg,wh_main_emp_empire,7,183,69,Empire
wh_main_nordland_dietershafen,wh_dlc05_bst_morghur_herd,7,44,14,Beastman
wh_main_bastonne_et_montfort_montfort,wh_main_brt_parravon,8,167,45,Bretonnia
wh_main_lyonesse_lyonesse,wh_main_vmp_mousillon,8,97,116,Vampires Counts
wh2_main_northern_dark_lands_karak_vlag,wh2_dlc16_skv_clan_gritus,8,145,215,Skaven
wh_main_ostermark_essen,wh2_dlc16_wef_drycha,8,187,217,Wood Elves
wh2_main_volcanic_islands_fuming_serpent,wh2_main_hef_order_of_loremasters,8,161,283,High Elves
wh_main_reikland_eilhart,wh_main_emp_empire,8,182,69,Empire
wh2_main_dragon_isles_dread_rock,wh2_main_def_hag_graef,8,187,256,Dark Elves
wh2_main_the_wolf_lands_mount_greyhag,wh2_dlc15_hef_imrik,9,75,203,High Elves
wh2_main_huahuan_desert_chamber_of_visions,wh2_main_lzd_sentinels_of_xeti,9,187,293,Lizardmen
wh2_main_headhunters_jungle_marks_of_the_old_ones,wh2_dlc11_def_the_blessed_dread,9,43,173,Dark Elves
wh2_main_obsidian_peaks_venom_glade,wh2_dlc17_bst_taurox,9,50,227,Beastman
wh2_main_the_plain_of_bones_ash_ridge_mountains,wh2_dlc15_hef_imrik,9,74,203,High Elves
wh2_main_aghol_wastelands_the_palace_of_ruin,wh2_dlc17_lzd_oxyotl,9,39,229,Lizardmen
wh2_main_solland_steingart,wh_main_emp_averland,9,130,68,Empire
wh_main_western_badlands_stonemine_tower,wh_main_grn_orcs_of_the_bloody_hand,9,34,94,Greenskins
wh_main_blood_river_valley_dok_karaz,wh_main_grn_orcs_of_the_bloody_hand,9,34,94,Greenskins
wh_main_blood_river_valley_barag_dawazbag,wh_main_grn_orcs_of_the_bloody_hand,9,10,94,Greenskins
wh2_main_southern_dark_lands_deadrock_gap,wh2_dlc14_skv_rictus_clan_nest,10,69,197,Skaven
wh2_main_the_black_coast_bleak_hold_fortress,wh2_main_hef_nagarythe,10,147,282,High Elves
wh2_main_the_broken_teeth_desolation_of_nagash,wh2_main_vmp_the_silver_host,10,79,345,Vampires Counts
wh2_main_kingdom_of_beasts_serpent_coast,wh2_main_lzd_last_defenders,10,187,289,Lizardmen
wh2_main_kingdom_of_beasts_the_cursed_jungle,wh2_main_lzd_last_defenders,10,187,289,Lizardmen
wh2_main_southlands_worlds_edge_mountains_lost_plateau,wh2_main_grn_arachnos,10,13,271,Greenskins
wh2_main_ash_river_springs_of_eternal_life,wh2_dlc09_tmb_dune_kingdoms,10,187,129,Tomb Kings
wh_main_goromandy_mountains_frozen_landing,wh2_main_skv_clan_moulder,10,12,331,Skaven
wh2_main_southlands_worlds_edge_mountains_mount_arachnos,wh2_main_skv_clan_mors,10,92,329,Skaven
wh2_main_northern_great_jungle_xahutec,wh2_dlc12_lzd_cult_of_sotek,10,187,181,Lizardmen
wh_main_blood_river_valley_dok_karaz,wh_main_dwf_barak_varr,11,18,51,Dwarves
wh2_main_dragon_isles_shattered_stone_isle,wh2_main_def_hag_graef,11,187,256,Dark Elves
wh2_main_jungles_of_green_mist_pillars_of_unseen_constellations,wh2_dlc13_lzd_defenders_of_the_great_plan,11,152,189,Lizardmen
wh_main_blood_river_valley_barag_dawazbag,wh_main_dwf_barak_varr,11,14,51,Dwarves
wh_main_mountains_of_hel_aeslings_conclave,wh_dlc08_nor_wintertooth,11,187,35,Norsca
wh2_main_marshes_of_madness_floating_village,wh2_dlc15_grn_skull_crag,12,116,201,Greenskins
wh2_main_southern_jungle_of_pahualaxa_floating_pyramid,wh2_dlc13_emp_the_huntmarshals_expedition,12,71,186,Empire
wh2_main_isthmus_of_lustria_ziggurat_of_dawn,wh2_main_nor_skeggi,12,13,300,Norsca
wh_main_stirland_niedling,wh_main_vmp_schwartzhafen,13,43,118,Vampires Counts
wh2_main_iron_mountains_rackdo_gorge,wh2_main_def_naggarond,13,187,261,Dark Elves
wh2_main_iron_mountains_har_kaldra,wh2_main_def_naggarond,13,187,261,Dark Elves
wh_main_southern_badlands_gor_gazan,wh2_dlc09_tmb_khemri,13,97,132,Tomb Kings
wh2_main_southern_great_jungle_subatuun,wh2_main_lzd_itza,13,187,288,Lizardmen
wh_main_northern_grey_mountains_grung_zint,wh_main_brt_bretonnia,13,181,39,Bretonnia
wh2_main_gnoblar_country_shattered_cove,wh2_main_skv_clan_eshin,13,187,325,Skaven
wh2_main_southlands_worlds_edge_mountains_lost_plateau,wh2_main_skv_clan_mors,14,187,329,Skaven
wh2_main_fort_bergbres,wh_main_emp_empire,14,182,69,Empire
wh2_main_western_jungles_cuexotl,wh2_main_lzd_tlaqua,14,187,295,Lizardmen
wh2_main_isthmus_of_lustria_skeggi,wh2_main_lzd_hexoatl,14,158,287,Lizardmen
wh2_main_avelorn_tor_saroir,wh2_main_hef_saphery,14,33,284,High Elves
wh2_main_devils_backbone_lahmia,wh2_dlc09_tmb_lybaras,14,41,133,Tomb Kings
wh_main_blood_river_valley_varenka_hills,wh_main_teb_border_princes,14,36,113,The Southern Realms
wh2_main_the_creeping_jungle_tlanxla,wh2_dlc13_lzd_defenders_of_the_great_plan,14,49,189,Lizardmen
wh2_main_crater_of_the_walking_dead_doom_glade,wh2_main_lzd_last_defenders,14,41,289,Lizardmen
wh2_main_isthmus_of_lustria_ziggurat_of_dawn,wh2_main_emp_new_world_colonies,14,19,269,Empire
wh_main_rib_peaks_grom_peak,wh_main_dwf_dwarfs,14,156,52,Dwarves
wh2_main_yvresse_elessaeli,wh2_main_hef_eataine,14,114,277,High Elves
wh_main_middenland_weismund,wh2_dlc12_grn_leaf_cutterz_tribe,15,42,180,Greenskins
wh_main_blood_river_valley_barag_dawazbag,wh_main_grn_greenskins,15,32,88,Greenskins
wh2_main_blackspine_mountains_plain_of_dogs,wh2_main_def_bleak_holds,15,18,245,Dark Elves
wh2_main_yvresse_shrine_of_loec,wh2_main_hef_yvresse,15,98,286,High Elves
wh2_main_southern_great_jungle_axlotl,wh2_main_skv_clan_pestilens,15,16,333,Skaven
wh_main_tilea_miragliano,wh2_main_skv_clan_skyre,15,187,337,Skaven
wh2_main_the_road_of_skulls_spite_reach,wh2_main_def_har_ganeth,15,47,258,Dark Elves
wh2_main_deadwood_shagrath,wh2_dlc17_lzd_oxyotl,15,26,229,Lizardmen
wh_main_gianthome_mountains_sjoktraken,wh_dlc08_nor_goromadny_tribe,15,187,30,Norsca
wh_main_parravon_et_quenelles_quenelles,wh_main_brt_carcassonne,16,57,43,Bretonnia
wh2_main_avelorn_evershale,wh2_main_hef_avelorn,16,46,273,High Elves
wh2_main_the_black_flood_hag_graef,wh2_main_def_naggarond,16,187,261,Dark Elves
wh2_main_devils_backbone_mahrak,wh2_dlc09_tmb_lybaras,16,20,133,Tomb Kings
wh2_main_gnoblar_country_pigbarter,wh2_dlc15_hef_imrik,16,70,203,High Elves
wh2_main_devils_backbone_lybaras,wh2_main_lzd_last_defenders,16,25,289,Lizardmen
wh_main_ostermark_nagenhof,wh2_dlc15_grn_bonerattlaz,16,47,199,Greenskins
wh_main_ostermark_mordheim,wh_main_emp_talabecland,16,63,82,Empire
wh2_main_the_chill_road_the_great_arena,wh2_main_def_naggarond,17,187,261,Dark Elves
wh2_main_the_black_coast_arnheim,wh2_main_def_cult_of_pleasure,17,29,248,Dark Elves
wh2_main_gnoblar_country_pigbarter,wh2_main_skv_clan_eshin,17,48,325,Skaven
wh_main_blightwater_karak_azgal,wh2_dlc15_grn_skull_crag,17,98,201,Greenskins
wh_main_ostermark_essen,wh_main_emp_talabecland,17,60,82,Empire
wh2_main_spine_of_sotek_monument_of_izzatal,wh2_dlc13_lzd_defenders_of_the_great_plan,17,152,189,Lizardmen
wh2_main_land_of_the_dead_zandri,wh2_dlc09_tmb_khemri,17,187,132,Tomb Kings
wh2_main_the_black_flood_temple_of_khaine,wh2_main_def_karond_kar,17,70,260,Dark Elves
wh2_main_iron_mountains_altar_of_ultimate_darkness,wh2_main_def_naggarond,17,187,261,Dark Elves
wh2_main_shifting_sands_ka-sabar,wh2_dlc09_tmb_dune_kingdoms,17,187,129,Tomb Kings
wh_main_nordland_salzenmund,wh_main_emp_ostland,18,153,80,Empire
wh_main_ice_tooth_mountains_doomkeep,wh_dlc08_nor_norsca,18,187,33,Norsca
wh_main_the_silver_road_mount_squighorn,wh_main_grn_greenskins,18,111,88,Greenskins
wh2_main_the_road_of_skulls_the_black_pillar,wh2_main_def_har_ganeth,18,40,258,Dark Elves
wh2_main_vampire_coast_the_blood_swamps,wh2_dlc11_def_the_blessed_dread,18,29,173,Dark Elves
wh_main_blood_river_valley_barak_varr,wh_main_dwf_dwarfs,18,19,52,Dwarves
wh_main_death_pass_iron_rock,wh_main_dwf_dwarfs,18,19,52,Dwarves
wh_main_couronne_et_languille_languille,wh_dlc08_nor_norsca,19,139,33,Norsca
wh_main_talabecland_krugenheim,wh_main_vmp_schwartzhafen,19,44,118,Vampires Counts
wh2_main_blackspine_mountains_plain_of_dogs,wh2_dlc16_wef_sisters_of_twilight,19,88,218,Wood Elves
wh_main_tilea_luccini,wh2_main_skv_clan_skyre,19,187,337,Skaven
wh2_main_charnel_valley_granite_massif,wh2_main_skv_clan_mors,19,88,329,Skaven
wh2_main_the_black_coast_bleak_hold_fortress,wh2_main_def_cult_of_pleasure,19,24,248,Dark Elves
wh2_main_phoenix_gate,wh2_main_hef_chrace,19,25,275,High Elves
wh_main_parravon_et_quenelles_quenelles,wh_main_grn_skullsmasherz,19,78,99,Greenskins
wh2_main_eataine_angerrial,wh2_main_hef_saphery,19,21,284,High Elves
wh_main_death_pass_iron_rock,wh2_dlc14_skv_rictus_clan_nest,20,45,197,Skaven
wh2_main_land_of_the_dead_zandri,wh2_dlc14_brt_chevaliers_de_lyonesse,20,131,194,Bretonnia
wh2_main_land_of_assassins_palace_of_the_wizard_caliph,wh2_main_brt_knights_of_the_flame,20,187,232,Bretonnia
wh2_main_doom_glades_ice_rock_gorge,wh2_dlc16_wef_sisters_of_twilight,20,87,218,Wood Elves
wh2_main_isthmus_of_lustria_ziggurat_of_dawn,wh2_main_lzd_hexoatl,20,157,287,Lizardmen
wh2_main_vampire_coast_the_blood_swamps,wh2_main_hef_order_of_loremasters,20,54,283,High Elves
wh2_main_sartosa_sartosa,wh2_main_skv_clan_skyre,20,187,337,Skaven
wh_main_blood_river_valley_barak_varr,wh_main_grn_orcs_of_the_bloody_hand,20,34,94,Greenskins
wh2_main_the_plain_of_bones_darkhold,wh2_main_skv_clan_eshin,21,39,325,Skaven
wh2_main_devils_backbone_mahrak,wh2_main_lzd_last_defenders,21,78,289,Lizardmen
wh2_main_crater_of_the_walking_dead_rasetra,wh2_dlc09_tmb_lybaras,21,23,133,Tomb Kings
wh2_main_doom_glades_hag_hall,wh2_main_hef_nagarythe,21,133,282,High Elves
wh_main_talabecland_kappelburg,wh_main_vmp_schwartzhafen,21,46,118,Vampires Counts
wh2_main_great_desert_of_araby_bel_aliad,wh2_dlc14_brt_chevaliers_de_lyonesse,21,87,194,Bretonnia
wh2_main_southern_jungle_of_pahualaxa_pahuax,wh2_dlc13_emp_the_huntmarshals_expedition,21,58,186,Empire
wh_main_southern_badlands_gronti_mingol,wh_main_grn_orcs_of_the_bloody_hand,21,42,94,Greenskins
wh_main_middenland_carroburg,wh_main_emp_empire,22,187,69,Empire
wh_main_talabecland_kemperbad,wh_main_vmp_schwartzhafen,22,31,118,Vampires Counts
wh2_main_northern_jungle_of_pahualaxa_port_reaver,wh2_main_lzd_hexoatl,22,152,287,Lizardmen
wh_main_western_sylvania_schwartzhafen,wh_main_emp_stirland,22,29,81,Empire
wh_main_black_mountains_karak_angazhar,wh2_dlc13_emp_golden_order,23,124,185,Empire
wh_main_mountains_of_hel_altar_of_spawns,wh_dlc08_nor_wintertooth,23,187,35,Norsca
wh2_main_tiranoc_tor_anroc,wh2_main_def_cult_of_pleasure,23,49,248,Dark Elves
wh2_main_titan_peaks_ssildra_tor,wh2_main_lzd_hexoatl,23,56,287,Lizardmen
wh2_main_nagarythe_tor_dranil,wh2_main_hef_ellyrion,23,82,278,High Elves
wh2_main_the_plain_of_bones_ash_ridge_mountains,wh2_main_skv_clan_eshin,23,32,325,Skaven
wh2_main_vampire_coast_pox_marsh,wh2_dlc12_lzd_cult_of_sotek,24,57,181,Lizardmen
wh_main_desolation_of_nagash_black_iron_mine,wh_main_grn_greenskins,24,57,88,Greenskins
wh_main_carcassone_et_brionne_brionne,wh_main_grn_skull-takerz,24,79,98,Greenskins
wh_main_western_sylvania_castle_templehof,wh_main_vmp_vampire_counts,24,102,119,Vampires Counts
wh_main_ostland_castle_von_rauken,wh_main_vmp_schwartzhafen,24,49,118,Vampires Counts
wh2_main_doom_glades_vauls_anvil,wh2_dlc16_wef_sisters_of_twilight,24,92,218,Wood Elves
wh2_main_crater_of_the_walking_dead_doom_glade,wh2_dlc09_tmb_lybaras,24,49,133,Tomb Kings
wh2_main_crater_of_the_walking_dead_rasetra,wh2_main_lzd_last_defenders,24,187,289,Lizardmen
wh2_main_ironfrost_glacier_dagraks_end,wh2_main_def_naggarond,25,187,261,Dark Elves
wh_main_death_pass_karag_dron,wh_main_grn_greenskins,25,71,88,Greenskins
wh2_main_southern_dark_lands_desolation_of_drakenmoor,wh_main_grn_red_eye,25,60,95,Greenskins
wh2_main_the_black_flood_shroktak_mount,wh2_main_def_clar_karond,25,30,246,Dark Elves
wh2_main_devils_backbone_mahrak,wh2_main_skv_clan_mors,25,85,329,Skaven
wh2_main_tiranoc_whitepeak,wh2_main_def_cult_of_pleasure,25,36,248,Dark Elves
wh2_main_titan_peaks_ironspike,wh2_main_lzd_hexoatl,25,57,287,Lizardmen
wh2_main_saphery_port_elistor,wh2_main_hef_yvresse,25,126,286,High Elves
wh2_main_southern_jungle_of_pahualaxa_the_high_sentinel,wh2_dlc11_cst_the_drowned,25,74,162,Vampire Coast
wh2_main_northern_dark_lands_silver_pinnacle,wh_main_grn_red_eye,26,46,95,Greenskins
wh_main_western_border_princes_myrmidens,wh2_main_skv_clan_skyre,26,187,337,Skaven
wh_main_eastern_sylvania_waldenhof,wh_main_vmp_vampire_counts,26,107,119,Vampires Counts
wh2_main_caledor_tor_sethai,wh2_main_def_cult_of_pleasure,27,35,248,Dark Elves
wh_main_desolation_of_nagash_karak_azul,wh_main_grn_greenskins,27,58,88,Greenskins
wh_main_ostermark_nagenhof,wh_main_emp_talabecland,27,60,82,Empire
wh2_main_the_wolf_lands_mount_greyhag,wh2_main_skv_clan_eshin,27,37,325,Skaven
wh2_main_eataine_shrine_of_asuryan,wh2_main_hef_yvresse,27,126,286,High Elves
wh_main_the_wasteland_marienburg,wh_main_nor_bjornling,27,67,105,Norsca
wh2_main_caledor_vauls_anvil,wh2_main_def_cult_of_pleasure,28,35,248,Dark Elves
wh2_main_marshes_of_madness_morgheim,wh2_dlc15_grn_skull_crag,28,100,201,Greenskins
wh2_main_titan_peaks_the_moon_shard,wh2_main_def_cult_of_pleasure,28,33,248,Dark Elves
wh2_main_the_chill_road_ashrak,wh2_main_def_karond_kar,28,72,260,Dark Elves
wh2_main_kingdom_of_beasts_the_cursed_jungle,wh2_dlc09_tmb_lybaras,29,35,133,Tomb Kings
wh_main_desolation_of_nagash_spitepeak,wh_main_grn_greenskins,29,56,88,Greenskins
wh_main_the_vaults_karak_bhufdar,wh_main_dwf_karak_izor,29,151,62,Dwarves
wh_main_northern_oblast_fort_straghov,wh2_main_skv_clan_moulder,29,187,331,Skaven
wh_main_western_badlands_dragonhorn_mines,wh2_dlc15_skv_clan_volkn,29,47,206,Skaven
wh2_main_obsidian_peaks_storag_kor,wh2_dlc09_tmb_exiles_of_nehek,29,84,130,Tomb Kings
wh_main_the_vaults_zarakzil,wh2_main_skv_clan_skyre,29,187,337,Skaven
wh2_main_southlands_jungle_golden_tower_of_the_gods,wh2_main_lzd_teotiqua,30,86,294,Lizardmen
wh2_main_the_road_of_skulls_har_ganeth,wh2_main_def_naggarond,30,187,261,Dark Elves
wh2_main_saphery_tor_finu,wh2_main_hef_eataine,30,159,277,High Elves
wh2_main_the_broken_teeth_desolation_of_nagash,wh2_dlc09_tmb_lybaras,31,81,133,Tomb Kings
wh2_main_the_black_flood_shroktak_mount,wh2_dlc09_tmb_exiles_of_nehek,31,81,130,Tomb Kings
wh_main_troll_country_zoishenk,wh2_main_skv_clan_moulder,31,187,331,Skaven
wh2_main_the_chill_road_ghrond,wh2_main_def_naggarond,32,187,261,Dark Elves
wh_main_northern_oblast_fort_ostrosk,wh2_main_skv_clan_moulder,32,187,331,Skaven
wh_main_western_border_princes_zvorak,wh2_main_skv_clan_skyre,32,187,337,Skaven
wh_main_talabecland_kemperbad,wh_main_emp_stirland,32,45,81,Empire
wh2_main_the_plain_of_bones_ash_ridge_mountains,wh_main_grn_greenskins,33,64,88,Greenskins
wh_main_blood_river_valley_barag_dawazbag,wh2_main_skv_clan_eshin,33,50,325,Skaven
wh2_main_devils_backbone_lybaras,wh2_main_vmp_the_silver_host,33,43,345,Vampires Counts
wh2_main_isthmus_of_lustria_skeggi,wh2_main_def_cult_of_pleasure,33,47,248,Dark Elves
wh2_main_deadwood_the_frozen_city,wh2_main_def_naggarond,34,187,261,Dark Elves
wh2_main_avelorn_tor_saroir,wh2_main_hef_yvresse,34,111,286,High Elves
wh_main_lyonesse_lyonesse,wh_main_brt_bretonnia,34,187,39,Bretonnia
wh_main_death_pass_karag_dron,wh_main_dwf_dwarfs,34,159,52,Dwarves
wh2_main_titan_peaks_the_moon_shard,wh2_main_lzd_hexoatl,34,60,287,Lizardmen
wh_main_ostermark_essen,wh_main_vmp_schwartzhafen,34,46,118,Vampires Counts
wh2_main_northern_great_jungle_temple_of_tlencan,wh2_dlc13_lzd_defenders_of_the_great_plan,34,152,189,Lizardmen
wh_main_eastern_border_princes_matorca,wh2_main_skv_clan_skyre,34,187,337,Skaven
wh2_main_kingdom_of_beasts_serpent_coast,wh2_dlc09_tmb_lybaras,35,41,133,Tomb Kings
wh2_main_phoenix_gate,wh2_main_hef_avelorn,35,45,273,High Elves
wh_main_northern_grey_mountains_grung_zint,wh_main_emp_marienburg,35,88,76,Empire
wh2_main_southern_jungle_of_pahualaxa_the_high_sentinel,wh2_dlc13_emp_the_huntmarshals_expedition,35,55,186,Empire
wh_main_talabecland_kappelburg,wh_main_emp_ostland,35,39,80,Empire
wh_main_talabecland_krugenheim,wh_main_emp_stirland,35,36,81,Empire
wh_main_blood_river_valley_barak_varr,wh_main_grn_greenskins,35,38,88,Greenskins
wh_main_western_badlands_ekrund,wh_main_grn_greenskins,35,44,88,Greenskins
wh_main_blood_river_valley_dok_karaz,wh2_main_skv_clan_eshin,35,59,325,Skaven
wh_main_western_badlands_stonemine_tower,wh_main_grn_greenskins,35,40,88,Greenskins
wh_main_eastern_border_princes_akendorf,wh2_main_skv_clan_skyre,36,187,337,Skaven
wh_main_trollheim_mountains_sarl_encampment,wh_dlc08_nor_wintertooth,36,187,35,Norsca
wh2_main_caledor_vauls_anvil,wh2_main_hef_eataine,36,187,277,High Elves
wh2_main_caledor_tor_sethai,wh2_main_hef_eataine,36,170,277,High Elves
wh2_main_tiranoc_whitepeak,wh2_main_hef_eataine,37,170,277,High Elves
wh_main_blood_river_valley_varenka_hills,wh2_main_skv_clan_skyre,37,187,337,Skaven
wh_main_southern_grey_mountains_karak_azgaraz,wh_main_emp_empire,38,183,69,Empire
wh2_main_the_wolf_lands_mount_greyhag,wh_main_grn_greenskins,38,76,88,Greenskins
wh_main_blood_river_valley_barak_varr,wh2_main_skv_clan_skyre,39,187,337,Skaven
wh2_main_kingdom_of_beasts_temple_of_skulls,wh2_dlc09_tmb_lybaras,39,47,133,Tomb Kings
wh2_main_aghol_wastelands_the_palace_of_ruin,wh2_main_def_deadwood_sentinels,40,65,254,Dark Elves
wh_main_western_badlands_bitterstone_mine,wh2_dlc15_skv_clan_volkn,40,45,206,Skaven
wh2_main_the_plain_of_bones_darkhold,wh_main_grn_greenskins,40,68,88,Greenskins
wh2_main_the_broken_land_blacklight_tower,wh2_main_def_the_forgebound,41,90,265,Dark Elves
wh_main_western_badlands_stonemine_tower,wh2_main_skv_clan_skyre,41,187,337,Skaven
wh2_main_the_road_of_skulls_the_black_pillar,wh2_main_def_naggarond,41,187,261,Dark Elves
wh2_main_nagarythe_tor_anlec,wh2_main_hef_chrace,41,62,275,High Elves
wh2_main_the_wolf_lands_crookback_mountain,wh_main_grn_greenskins,42,70,88,Greenskins
wh_main_death_pass_karak_drazh,wh_main_dwf_dwarfs,42,162,52,Dwarves
wh2_main_vampire_coast_pox_marsh,wh2_dlc11_cst_vampire_coast,42,48,164,Vampire Coast
wh_main_southern_badlands_gronti_mingol,wh2_main_skv_clan_skyre,43,187,337,Skaven
wh2_main_the_broken_land_slavers_point,wh2_main_def_the_forgebound,43,154,265,Dark Elves
wh_main_talabecland_talabheim,wh_main_emp_hochland,43,48,75,Empire
wh2_main_the_clawed_coast_the_twisted_glade,wh2_dlc16_wef_sisters_of_twilight,43,81,218,Wood Elves
wh_main_stirland_niedling,wh_main_emp_empire,44,146,69,Empire
wh2_main_headhunters_jungle_marks_of_the_old_ones,wh2_main_hef_order_of_loremasters,44,187,283,High Elves
wh2_main_crater_of_the_walking_dead_rasetra,wh2_main_skv_clan_mors,44,91,329,Skaven
wh_main_western_badlands_ekrund,wh2_main_skv_clan_skyre,45,187,337,Skaven
wh_main_talabecland_krugenheim,wh_main_emp_empire,45,150,69,Empire
wh2_main_aghol_wastelands_fortress_of_the_damned,wh2_main_def_naggarond,45,112,261,Dark Elves
wh_main_nordland_dietershafen,wh_main_emp_ostland,45,96,80,Empire
wh_main_western_badlands_bitterstone_mine,wh2_main_skv_clan_skyre,46,187,337,Skaven
wh_main_stirland_the_moot,wh_main_emp_empire,46,134,69,Empire
wh_main_death_pass_iron_rock,wh2_main_skv_clan_eshin,46,187,325,Skaven
wh2_main_phoenix_gate,wh2_main_hef_yvresse,46,108,286,High Elves
wh2_main_headhunters_jungle_chupayotl,wh2_main_hef_order_of_loremasters,46,187,283,High Elves
wh2_main_avelorn_gaean_vale,wh2_main_hef_yvresse,46,131,286,High Elves
wh_main_talabecland_kemperbad,wh_main_vmp_vampire_counts,46,85,119,Vampires Counts
wh_main_southern_oblast_zavastra,wh2_main_skv_clan_moulder,46,187,331,Skaven
wh2_main_headhunters_jungle_oyxl,wh2_main_lzd_itza,47,187,288,Lizardmen
wh_main_talabecland_kappelburg,wh_main_emp_empire,47,164,69,Empire
wh_main_middenland_weismund,wh_main_emp_empire,47,187,69,Empire
wh_main_western_sylvania_schwartzhafen,wh_main_emp_empire,47,91,69,Empire
wh2_main_avelorn_evershale,wh2_main_hef_yvresse,47,109,286,High Elves
wh2_main_ash_river_quatar,wh2_main_skv_clan_mors,47,90,329,Skaven
wh_main_peak_pass_gnashraks_lair,wh_main_dwf_karak_kadrin,47,91,63,Dwarves
wh2_main_northern_dark_lands_silver_pinnacle,wh2_dlc16_skv_clan_gritus,47,138,215,Skaven
wh2_main_aghol_wastelands_palace_of_princes,wh2_main_def_naggarond,48,187,261,Dark Elves
wh2_main_iron_mountains_altar_of_ultimate_darkness,wh2_main_def_karond_kar,48,75,260,Dark Elves
wh2_main_northern_jungle_of_pahualaxa_swamp_town,wh2_main_lzd_hexoatl,48,150,287,Lizardmen
wh_main_western_badlands_dragonhorn_mines,wh2_dlc15_grn_skull_crag,48,102,201,Greenskins
wh2_main_shifting_sands_antoch,wh2_main_emp_sudenburg,48,57,270,Empire
wh2_main_the_road_of_skulls_spite_reach,wh2_main_def_naggarond,48,187,261,Dark Elves
wh_main_troll_country_erengrad,wh_dlc08_nor_wintertooth,49,187,35,Norsca
wh_main_ostermark_bechafen,wh2_dlc15_grn_bonerattlaz,49,60,199,Greenskins
wh2_main_headhunters_jungle_mangrove_coast,wh2_main_lzd_itza,49,187,288,Lizardmen
wh2_main_misty_hills_wreckers_point,wh_main_emp_marienburg,49,76,76,Empire
wh_main_talabecland_talabheim,wh_main_vmp_vampire_counts,49,76,119,Vampires Counts
wh_main_estalia_bilbali,wh2_main_skv_clan_skyre,50,187,337,Skaven
wh2_main_tiranoc_tor_anroc,wh2_main_hef_eataine,50,169,277,High Elves
wh2_main_the_creeping_jungle_tlanxla,wh2_dlc13_emp_the_huntmarshals_expedition,50,86,186,Empire
wh2_main_ironfrost_glacier_ironfrost,wh2_main_def_naggarond,50,187,261,Dark Elves
wh2_main_atalan_mountains_martek,wh2_main_lzd_tlaqua,50,187,295,Lizardmen
wh2_main_crater_of_the_walking_dead_doom_glade,wh2_main_lzd_teotiqua,50,187,294,Lizardmen
wh_main_ostland_castle_von_rauken,wh_main_emp_empire,50,182,69,Empire
wh_main_gianthome_mountains_kraka_drak,wh2_main_skv_clan_moulder,51,187,331,Skaven
wh2_main_misty_hills_the_black_pit,wh2_dlc13_wef_laurelorn_forest,51,89,193,Wood Elves
wh_main_blood_river_valley_barag_dawazbag,wh2_main_skv_clan_skyre,51,187,337,Skaven
wh2_main_obsidian_peaks_clar_karond,wh2_dlc16_wef_sisters_of_twilight,51,96,218,Wood Elves
wh2_main_obsidian_peaks_venom_glade,wh2_dlc16_wef_sisters_of_twilight,51,97,218,Wood Elves
wh_main_zhufbar_zhufbar,wh_main_grn_bloody_spearz,51,71,85,Greenskins
wh_main_southern_oblast_zavastra,wh_main_emp_ostland,51,61,80,Empire
wh_main_eastern_badlands_valayas_sorrow,wh2_main_skv_clan_skyre,51,187,337,Skaven
wh2_main_saphery_tower_of_hoeth,wh2_main_hef_eataine,53,158,277,High Elves
wh_main_estalia_magritta,wh2_main_skv_clan_skyre,53,187,337,Skaven
wh_main_eastern_badlands_crooked_fang_fort,wh2_main_skv_clan_skyre,53,187,337,Skaven
wh_main_ostland_castle_von_rauken,wh_main_ksl_kislev,53,65,102,Kislev
wh_main_forest_of_arden_castle_artois,wh_main_brt_bretonnia,53,176,39,Bretonnia
wh2_main_the_clawed_coast_hoteks_column,wh2_dlc16_wef_sisters_of_twilight,53,85,218,Wood Elves
wh2_main_coast_of_araby_al_haikk,wh2_main_lzd_tlaqua,53,187,295,Lizardmen
wh2_main_the_clawed_coast_hoteks_column,wh2_main_def_the_forgebound,54,90,265,Dark Elves
wh_main_eastern_badlands_dringorackaz,wh2_main_skv_clan_skyre,55,187,337,Skaven
wh_main_hochland_hergig,wh_main_vmp_vampire_counts,55,79,119,Vampires Counts
wh2_main_titan_peaks_ancient_city_of_quintex,wh2_main_hef_nagarythe,55,163,282,High Elves
wh2_main_vampire_coast_the_blood_swamps,wh2_main_lzd_itza,55,98,288,Lizardmen
wh2_main_the_creeping_jungle_temple_of_kara,wh2_dlc12_lzd_cult_of_sotek,55,187,181,Lizardmen
wh_main_eastern_oblast_praag,wh2_main_skv_clan_moulder,56,187,331,Skaven
wh_main_southern_oblast_fort_jakova,wh_main_emp_talabecland,56,62,82,Empire
wh2_main_the_broken_teeth_nagashizar,wh2_dlc09_tmb_lybaras,56,79,133,Tomb Kings
wh_main_desolation_of_nagash_spitepeak,wh2_main_skv_clan_skyre,57,187,337,Skaven
wh_main_southern_oblast_fort_jakova,wh2_dlc15_grn_bonerattlaz,57,90,199,Greenskins
wh2_main_titan_peaks_ssildra_tor,wh2_main_hef_nagarythe,57,159,282,High Elves
wh_main_blightwater_deff_gorge,wh2_dlc15_skv_clan_volkn,57,94,206,Skaven
wh2_main_spine_of_sotek_hualotal,wh2_main_lzd_sentinels_of_xeti,57,187,293,Lizardmen
wh2_main_southern_jungle_of_pahualaxa_floating_pyramid,wh2_dlc12_lzd_cult_of_sotek,57,69,181,Lizardmen
wh2_main_titan_peaks_ironspike,wh2_main_hef_nagarythe,58,158,282,High Elves
wh_main_parravon_et_quenelles_quenelles,wh_main_brt_bretonnia,58,165,39,Bretonnia
wh_main_desolation_of_nagash_black_iron_mine,wh_main_dwf_dwarfs,58,164,52,Dwarves
wh2_main_vampire_coast_pox_marsh,wh2_dlc11_cst_noctilus,58,85,148,Vampire Coast
wh_main_middenland_middenstag,wh_main_vmp_vampire_counts,58,71,119,Vampires Counts
wh_main_troll_country_erengrad,wh_main_emp_ostland,58,84,80,Empire
wh_main_middenland_middenheim,wh_main_vmp_vampire_counts,59,81,119,Vampires Counts
wh_main_eastern_oblast_volksgrad,wh2_main_skv_clan_moulder,59,112,331,Skaven
wh_main_desolation_of_nagash_karak_azul,wh2_main_skv_clan_skyre,59,187,337,Skaven
wh2_main_great_desert_of_araby_bel_aliad,wh2_dlc09_tmb_khemri,60,124,132,Tomb Kings
wh_main_blood_river_valley_dok_karaz,wh2_main_skv_clan_skyre,60,187,337,Skaven
wh_main_ostermark_bechafen,wh_main_emp_empire,61,181,69,Empire
wh_main_rib_peaks_mount_gunbad,wh_main_dwf_dwarfs,61,187,52,Dwarves
wh2_main_land_of_the_dead_zandri,wh2_main_brt_knights_of_origo,61,64,231,Bretonnia
wh2_main_titan_peaks_the_moon_shard,wh2_main_hef_nagarythe,61,166,282,High Elves
wh2_main_southern_dark_lands_desolation_of_drakenmoor,wh2_dlc16_skv_clan_gritus,61,131,215,Skaven
wh_main_eastern_badlands_karak_eight_peaks,wh2_main_skv_clan_skyre,61,187,337,Skaven
wh_main_ostermark_nagenhof,wh2_dlc16_wef_drycha,61,187,217,Wood Elves
wh2_main_deadwood_nagrar,wh2_main_def_naggarond,62,187,261,Dark Elves
wh_main_southern_oblast_zavastra,wh_main_emp_empire,62,180,69,Empire
wh2_main_misty_hills_wreckers_point,wh2_twa03_def_rakarth,63,63,347,Dark Elves
wh2_main_nagarythe_tor_anlec,wh2_main_hef_yvresse,63,158,286,High Elves
wh_main_middenland_middenstag,wh_main_emp_hochland,63,161,75,Empire
wh_main_the_silver_road_the_pillars_of_grungni,wh_main_grn_greenskins,63,69,88,Greenskins
wh2_main_land_of_the_dervishes_plain_of_tuskers,wh2_dlc09_tmb_dune_kingdoms,63,187,129,Tomb Kings
wh_main_southern_oblast_fort_jakova,wh2_dlc16_wef_drycha,63,68,217,Wood Elves
wh_main_middenland_weismund,wh2_dlc13_wef_laurelorn_forest,64,87,193,Wood Elves
wh_main_southern_oblast_kislev,wh_dlc08_nor_goromadny_tribe,64,100,30,Norsca
wh2_main_deadwood_dargoth,wh2_main_def_naggarond,64,187,261,Dark Elves
wh_main_northern_grey_mountains_blackstone_post,wh_main_dwf_karak_ziflin,64,170,65,Dwarves
wh2_main_the_plain_of_bones_the_fortress_of_vorag,wh_main_grn_greenskins,65,67,88,Greenskins
wh_main_mountains_of_naglfari_varg_camp,wh_dlc08_nor_wintertooth,65,187,35,Norsca
wh_main_southern_grey_mountains_grimhold,wh_main_dwf_karak_izor,65,151,62,Dwarves
wh2_main_the_plain_of_bones_ash_ridge_mountains,wh2_main_skv_clan_skyre,65,187,337,Skaven
wh2_main_obsidian_peaks_circle_of_destruction,wh2_main_def_naggarond,66,187,261,Dark Elves
wh2_main_charnel_valley_granite_massif,wh2_main_lzd_last_defenders,66,76,289,Lizardmen
wh2_main_the_wolf_lands_mount_silverspear,wh2_main_skv_clan_skyre,66,187,337,Skaven
wh2_main_aghol_wastelands_the_palace_of_ruin,wh2_main_def_naggarond,66,97,261,Dark Elves
wh_main_eastern_sylvania_eschen,wh2_dlc16_wef_drycha,67,78,217,Wood Elves
wh_main_stirland_niedling,wh_main_vmp_vampire_counts,67,98,119,Vampires Counts
wh2_main_the_wolf_lands_mount_silverspear,wh_main_grn_greenskins,67,118,88,Greenskins
wh2_main_land_of_the_dead_zandri,wh2_main_lzd_tlaqua,67,103,295,Lizardmen
wh_main_northern_worlds_edge_mountains_khazid_irkulaz,wh2_dlc16_skv_clan_gritus,67,121,215,Skaven
wh_main_talabecland_krugenheim,wh_main_vmp_vampire_counts,67,120,119,Vampires Counts
wh2_main_the_plain_of_bones_the_fortress_of_vorag,wh2_main_skv_clan_skyre,68,187,337,Skaven
wh_main_middenland_carroburg,wh2_dlc13_wef_laurelorn_forest,68,85,193,Wood Elves
wh_main_troll_country_erengrad,wh2_main_skv_clan_moulder,68,136,331,Skaven
wh2_main_the_plain_of_bones_darkhold,wh2_main_skv_clan_skyre,69,187,337,Skaven
wh_main_parravon_et_quenelles_parravon,wh_main_brt_bretonnia,69,166,39,Bretonnia
wh2_main_northern_great_jungle_chaqua,wh2_main_lzd_itza,70,187,288,Lizardmen
wh_main_parravon_et_quenelles_parravon,wh_main_grn_skullsmasherz,70,82,99,Greenskins
wh2_main_southern_dark_lands_deadrock_gap,wh2_main_skv_clan_skyre,70,70,337,Skaven
wh2_main_the_black_flood_cragroth_deep,wh2_main_def_naggarond,70,187,261,Dark Elves
wh2_main_the_wolf_lands_crookback_mountain,wh_main_dwf_dwarfs,71,165,52,Dwarves
wh_main_couronne_et_languille_couronne,wh2_twa03_def_rakarth,71,71,347,Dark Elves
wh2_main_gnoblar_country_pigbarter,wh2_main_skv_clan_skyre,71,187,337,Skaven
wh_main_northern_worlds_edge_mountains_karak_ungor,wh2_dlc16_skv_clan_gritus,71,124,215,Skaven
wh2_main_southern_dark_lands_deadrock_gap,wh_main_grn_greenskins,71,120,88,Greenskins
wh_main_ostland_norden,wh_dlc08_nor_wintertooth,72,79,35,Norsca
wh_main_zhufbar_zhufbar,wh_main_grn_greenskins,72,95,88,Greenskins
wh2_main_southern_jungle_of_pahualaxa_floating_pyramid,wh2_main_lzd_hexoatl,72,187,287,Lizardmen
wh2_main_the_chill_road_ashrak,wh2_main_def_naggarond,73,187,261,Dark Elves
wh2_main_nagarythe_shrine_of_khaine,wh2_main_hef_yvresse,73,158,286,High Elves
wh_main_ostland_castle_von_rauken,wh2_main_skv_clan_moulder,74,187,331,Skaven
wh2_main_vampire_coast_the_blood_swamps,wh2_dlc12_lzd_cult_of_sotek,74,187,181,Lizardmen
wh2_main_the_black_flood_shroktak_mount,wh2_main_def_naggarond,75,187,261,Dark Elves
wh2_main_southern_jungle_of_pahualaxa_the_high_sentinel,wh2_main_lzd_hexoatl,75,180,287,Lizardmen
wh2_main_the_clawed_coast_the_monoliths,wh2_dlc16_wef_sisters_of_twilight,76,102,218,Wood Elves
wh_main_talabecland_talabheim,wh_main_emp_empire,77,163,69,Empire
wh2_main_misty_hills_wreckers_point,wh_main_emp_empire,77,180,69,Empire
wh2_main_the_wolf_lands_mount_greyhag,wh2_main_skv_clan_skyre,77,187,337,Skaven
wh2_main_fort_helmgart,wh_main_emp_empire,77,77,69,Empire
wh2_main_unicorn_gate,wh2_main_hef_eataine,78,155,277,High Elves
wh2_main_fort_helmgart,wh_main_dwf_karak_ziflin,78,168,65,Dwarves
wh2_main_the_wolf_lands_mount_silverspear,wh_main_dwf_dwarfs,78,167,52,Dwarves
wh2_main_blackspine_mountains_red_desert,wh2_dlc09_tmb_exiles_of_nehek,78,85,130,Tomb Kings
wh2_main_misty_hills_wreckers_point,wh_dlc08_nor_wintertooth,78,187,35,Norsca
wh2_main_naggaroth_glade,wh2_main_hef_nagarythe,79,129,282,High Elves
wh_main_blightwater_misty_mountain,wh2_main_skv_clan_mors,79,86,329,Skaven
wh_main_stirland_wurtbad,wh_main_emp_empire,79,148,69,Empire
wh_main_parravon_et_quenelles_quenelles,wh_main_brt_bordeleaux,79,85,38,Bretonnia
wh_main_ostermark_essen,wh_main_vmp_vampire_counts,79,108,119,Vampires Counts
wh_main_hochland_hergig,wh_main_emp_empire,80,162,69,Empire
wh_main_carcassone_et_brionne_brionne,wh2_main_skv_clan_skyre,80,186,337,Skaven
wh2_main_the_broken_teeth_nagashizar,wh2_main_skv_clan_skyre,80,187,337,Skaven
wh2_main_northern_great_jungle_xahutec,wh2_dlc11_cst_vampire_coast,80,87,164,Vampire Coast
wh_main_the_wasteland_marienburg,wh_main_emp_empire,81,124,69,Empire
wh2_main_ellyrion_whitefire_tor,wh2_main_hef_eataine,81,141,277,High Elves
wh2_main_southern_jungle_of_pahualaxa_monument_of_the_moon,wh2_main_lzd_hexoatl,81,173,287,Lizardmen
wh2_main_the_broken_teeth_desolation_of_nagash,wh2_main_skv_clan_skyre,82,187,337,Skaven
wh_main_middenland_middenheim,wh_main_emp_empire,82,167,69,Empire
wh2_main_devils_backbone_lybaras,wh2_main_lzd_teotiqua,82,139,294,Lizardmen
wh_main_peak_pass_gnashraks_lair,wh2_dlc16_skv_clan_gritus,82,127,215,Skaven
wh_main_blightwater_kradtommen,wh2_main_skv_clan_mors,83,84,329,Skaven
wh2_main_nagarythe_tor_dranil,wh2_main_hef_eataine,83,187,277,High Elves
wh2_main_griffon_gate,wh2_main_hef_eataine,83,187,277,High Elves
wh_main_parravon_et_quenelles_parravon,wh_main_brt_bordeleaux,83,85,38,Bretonnia
wh2_main_doom_glades_temple_of_addaioth,wh2_main_hef_nagarythe,84,131,282,High Elves
wh_main_the_wasteland_gorssel,wh_main_emp_empire,84,179,69,Empire
wh2_main_obsidian_peaks_storag_kor,wh2_main_def_naggarond,85,128,261,Dark Elves
wh_main_massif_orcal_massif_orcal,wh2_main_skv_clan_skyre,85,187,337,Skaven
wh2_main_laurelorn_forest_laurelorn_forest,wh_main_emp_empire,85,159,69,Empire
wh2_main_devils_backbone_lahmia,wh2_main_skv_clan_skyre,85,187,337,Skaven
wh_main_talabecland_kemperbad,wh_main_emp_hochland,86,148,75,Empire
wh_main_ostermark_nagenhof,wh_main_vmp_vampire_counts,86,109,119,Vampires Counts
wh2_main_devils_backbone_mahrak,wh2_main_skv_clan_skyre,86,187,337,Skaven
wh2_main_vampire_coast_pox_marsh,wh2_main_hef_eataine,86,102,277,High Elves
wh2_main_northern_worlds_edge_mountains_karak_raziak,wh2_dlc16_skv_clan_gritus,86,129,215,Skaven
wh2_main_southlands_jungle_golden_tower_of_the_gods,wh2_main_skv_clan_mors,87,116,329,Skaven
wh2_main_the_creeping_jungle_tlanxla,wh2_main_lzd_sentinels_of_xeti,87,187,293,Lizardmen
wh2_main_doom_glades_ice_rock_gorge,wh2_main_hef_nagarythe,88,140,282,High Elves
wh2_main_charnel_valley_granite_massif,wh2_main_skv_clan_skyre,89,187,337,Skaven
wh2_main_badlands_glade,wh_main_dwf_dwarfs,89,187,52,Dwarves
wh_main_ostermark_mordheim,wh_main_vmp_vampire_counts,89,123,119,Vampires Counts
wh2_main_blackspine_mountains_plain_of_dogs,wh2_main_hef_nagarythe,89,127,282,High Elves
wh_main_northern_grey_mountains_grung_zint,wh_main_emp_empire,89,103,69,Empire
wh2_main_charnel_valley_karag_orrud,wh2_main_skv_clan_skyre,90,187,337,Skaven
wh2_main_doom_glades_temple_of_addaioth,wh2_main_def_naggarond,90,106,261,Dark Elves
wh2_main_misty_hills_the_black_pit,wh_main_emp_empire,90,172,69,Empire
wh2_main_southlands_jungle_golden_tower_of_the_gods,wh2_main_lzd_last_defenders,90,187,289,Lizardmen
wh2_main_yvresse_tralinia,wh2_main_skv_clan_skyre,90,187,337,Skaven
wh_main_southern_oblast_fort_jakova,wh_main_vmp_vampire_counts,91,110,119,Vampires Counts
wh2_main_blackspine_mountains_plain_of_spiders,wh2_main_def_naggarond,91,105,261,Dark Elves
wh_main_stirland_flensburg,wh_main_emp_empire,91,140,69,Empire
wh_main_ostermark_bechafen,wh2_main_skv_clan_moulder,91,187,331,Skaven
wh2_main_ash_river_quatar,wh2_main_skv_clan_skyre,91,187,337,Skaven
wh_main_ostland_wolfenburg,wh2_main_skv_clan_moulder,91,187,331,Skaven
wh2_main_the_clawed_coast_hoteks_column,wh2_main_def_naggarond,91,125,261,Dark Elves
wh2_main_the_broken_land_blacklight_tower,wh2_main_def_naggarond,91,187,261,Dark Elves
wh_main_talabecland_kappelburg,wh2_main_skv_clan_moulder,92,121,331,Skaven
wh_main_western_sylvania_schwartzhafen,wh_main_emp_wissenland,92,134,83,Empire
wh2_main_southlands_worlds_edge_mountains_mount_arachnos,wh2_main_skv_clan_skyre,93,187,337,Skaven
wh2_main_doom_glades_vauls_anvil,wh2_main_hef_nagarythe,93,135,282,High Elves
wh_main_blightwater_kradtommen,wh2_dlc15_skv_clan_volkn,93,94,206,Skaven
wh_main_stirland_the_moot,wh_main_vmp_vampire_counts,94,101,119,Vampires Counts
wh_main_zhufbar_oakenhammer,wh_main_dwf_dwarfs,95,187,52,Dwarves
wh2_main_naggaroth_glade,wh2_main_def_naggarond,95,109,261,Dark Elves
wh2_main_great_desert_of_araby_el-kalabad,wh2_dlc14_brt_chevaliers_de_lyonesse,95,129,194,Bretonnia
wh2_main_doom_glades_vauls_anvil,wh2_main_def_naggarond,95,112,261,Dark Elves
wh_main_zhufbar_zhufbar,wh_main_dwf_dwarfs,96,187,52,Dwarves
wh2_main_yvresse_tor_yvresse,wh2_main_hef_eataine,96,110,277,High Elves
wh_main_ostland_norden,wh_main_emp_empire,96,96,69,Empire
wh2_main_great_desert_of_araby_bel_aliad,wh2_main_lzd_tlaqua,96,122,295,Lizardmen
wh2_main_vampire_coast_the_awakening,wh2_dlc12_lzd_cult_of_sotek,97,156,181,Lizardmen
wh2_main_gnoblar_country_flayed_rock,wh2_main_skv_clan_skyre,97,187,337,Skaven
wh2_main_obsidian_peaks_clar_karond,wh2_main_def_naggarond,97,120,261,Dark Elves
wh_main_blightwater_misty_mountain,wh2_main_skv_clan_skyre,97,187,337,Skaven
wh_main_nordland_dietershafen,wh_main_emp_empire,97,154,69,Empire
wh_main_ostland_norden,wh_dlc08_nor_goromadny_tribe,97,107,30,Norsca
wh2_main_obsidian_peaks_venom_glade,wh2_main_def_naggarond,98,123,261,Dark Elves
wh2_main_the_galleons_graveyard,wh2_main_skv_clan_skyre,98,187,337,Skaven
wh2_main_yvresse_tor_yvresse,wh2_main_skv_clan_skyre,98,187,337,Skaven
wh_main_southern_badlands_gor_gazan,wh2_main_lzd_tlaqua,98,176,295,Lizardmen
wh2_main_doom_glades_hag_hall,wh2_main_def_naggarond,99,113,261,Dark Elves
wh_main_blightwater_kradtommen,wh2_main_skv_clan_skyre,99,187,337,Skaven
wh_main_blightwater_karak_azgal,wh2_main_skv_clan_skyre,99,187,337,Skaven
wh2_main_yvresse_shrine_of_loec,wh2_dlc11_cst_noctilus,99,103,148,Vampire Coast
wh2_main_land_of_assassins_sorcerers_islands,wh2_main_brt_knights_of_the_flame,100,187,232,Bretonnia
wh2_main_misty_hills_wreckers_point,wh_main_nor_bjornling,100,126,105,Norsca
wh2_main_marshes_of_madness_morgheim,wh2_main_skv_clan_skyre,101,187,337,Skaven
wh_main_southern_oblast_kislev,wh2_dlc16_wef_drycha,101,110,217,Wood Elves
wh_main_nordland_dietershafen,wh_dlc08_nor_wintertooth,101,187,35,Norsca
wh_main_western_sylvania_fort_oberstyre,wh_main_emp_empire,102,135,69,Empire
wh2_main_ash_river_quatar,wh_main_grn_greenskins,102,109,88,Greenskins
wh2_main_aghol_wastelands_the_palace_of_ruin,wh2_twa03_def_rakarth,102,135,347,Dark Elves
wh_main_western_badlands_dragonhorn_mines,wh2_main_skv_clan_skyre,103,187,337,Skaven
wh2_main_the_clawed_coast_the_monoliths,wh2_main_def_naggarond,103,187,261,Dark Elves
wh2_main_vampire_coast_pox_marsh,wh2_main_hef_order_of_loremasters,103,103,283,High Elves
wh_main_western_sylvania_castle_templehof,wh_main_emp_empire,103,135,69,Empire
wh_main_lyonesse_mousillon,wh_main_brt_bretonnia,103,187,39,Bretonnia
wh2_main_jungles_of_green_mists_wellsprings_of_eternity,wh2_main_lzd_sentinels_of_xeti,103,187,293,Lizardmen
wh2_main_vampire_coast_pox_marsh,wh2_main_skv_clan_skyre,104,117,337,Skaven
wh2_main_yvresse_shrine_of_loec,wh2_main_hef_eataine,104,119,277,High Elves
wh_main_eastern_sylvania_castle_drakenhof,wh_main_dwf_dwarfs,104,154,52,Dwarves
wh_main_eastern_sylvania_eschen,wh_main_emp_empire,104,136,69,Empire
wh2_main_cothique_tor_koruali,wh2_main_skv_clan_skyre,104,187,337,Skaven
wh2_main_cothique_mistnar,wh2_main_skv_clan_skyre,105,187,337,Skaven
wh2_main_the_clawed_coast_the_twisted_glade,wh2_main_def_naggarond,105,118,261,Dark Elves
wh2_main_eagle_gate,wh2_main_hef_eataine,106,139,277,High Elves
wh2_main_blackspine_mountains_plain_of_spiders,wh2_main_hef_nagarythe,106,123,282,High Elves
wh_main_blightwater_deff_gorge,wh2_main_skv_clan_skyre,107,187,337,Skaven
wh_main_bastonne_et_montfort_castle_bastonne,wh_main_brt_bretonnia,107,177,39,Bretonnia
wh_main_ostland_norden,wh_dlc08_nor_norsca,108,187,33,Norsca
wh_main_eastern_sylvania_waldenhof,wh_main_emp_empire,108,137,69,Empire
wh2_main_charnel_valley_karag_orrud,wh_main_grn_greenskins,108,108,88,Greenskins
wh2_main_phoenix_gate,wh2_main_def_naggarond,109,187,261,Dark Elves
wh_main_the_silver_road_karaz_a_karak,wh_main_grn_greenskins,109,112,88,Greenskins
wh2_main_yvresse_tralinia,wh2_main_hef_eataine,109,111,277,High Elves
wh_main_ostermark_essen,wh_main_emp_empire,109,138,69,Empire
wh_main_zhufbar_karag_dromar,wh_main_dwf_dwarfs,110,158,52,Dwarves
wh2_main_avelorn_evershale,wh2_main_def_naggarond,110,187,261,Dark Elves
wh_main_ostermark_nagenhof,wh_main_emp_empire,110,141,69,Empire
wh_main_southern_oblast_kislev,wh_main_vmp_vampire_counts,111,112,119,Vampires Counts
wh2_main_griffon_gate,wh2_main_def_naggarond,111,186,261,Dark Elves
wh_main_southern_oblast_fort_jakova,wh_main_emp_empire,111,142,69,Empire
wh_main_eastern_oblast_praag,wh2_dlc16_wef_drycha,111,141,217,Wood Elves
wh_main_peak_pass_gnashraks_lair,wh_main_dwf_dwarfs,112,187,52,Dwarves
wh2_main_ellyrion_whitefire_tor,wh2_main_def_naggarond,112,187,261,Dark Elves
wh2_main_jungles_of_green_mists_spektazuma,wh2_main_lzd_sentinels_of_xeti,112,187,293,Lizardmen
wh2_main_avelorn_tor_saroir,wh2_main_def_naggarond,112,187,261,Dark Elves
wh2_main_saphery_tor_finu,wh2_main_def_naggarond,113,187,261,Dark Elves
wh_main_southern_badlands_agrul_migdhal,wh2_main_skv_clan_skyre,113,187,337,Skaven
wh2_main_eagle_gate,wh2_main_def_naggarond,113,187,261,Dark Elves
wh_main_southern_oblast_kislev,wh_main_emp_empire,113,141,69,Empire
wh_main_eastern_oblast_volksgrad,wh2_dlc16_wef_drycha,113,142,217,Wood Elves
wh2_main_ash_river_numas,wh2_main_skv_clan_skyre,114,166,337,Skaven
wh_main_northern_oblast_fort_ostrosk,wh_main_vmp_vampire_counts,114,131,119,Vampires Counts
wh_main_southern_badlands_galbaraz,wh2_main_skv_clan_skyre,115,187,337,Skaven
wh2_main_unicorn_gate,wh2_main_def_naggarond,115,187,261,Dark Elves
wh_main_the_wasteland_aarnau,wh_main_emp_empire,115,181,69,Empire
wh2_main_phoenix_gate,wh2_main_hef_eataine,115,157,277,High Elves
wh2_main_yvresse_elessaeli,wh2_main_skv_clan_skyre,115,187,337,Skaven
wh2_main_avelorn_tor_saroir,wh2_main_hef_eataine,116,158,277,High Elves
wh2_main_avelorn_evershale,wh2_main_hef_eataine,116,154,277,High Elves
wh2_main_marshes_of_madness_floating_village,wh2_main_skv_clan_skyre,117,187,337,Skaven
wh2_main_ellyrion_tor_elyr,wh2_main_hef_eataine,117,140,277,High Elves
wh_main_carcassone_et_brionne_castle_carcassonne,wh_main_brt_bretonnia,118,164,39,Bretonnia
wh2_main_vampire_coast_pox_marsh,wh2_main_lzd_hexoatl,118,187,287,Lizardmen
wh2_main_the_clawed_coast_the_twisted_glade,wh2_main_hef_nagarythe,119,157,282,High Elves
wh2_main_the_broken_land_karond_kar,wh2_main_def_naggarond,119,187,261,Dark Elves
wh2_main_yvresse_shrine_of_loec,wh2_main_skv_clan_skyre,120,187,337,Skaven
wh_main_southern_badlands_gor_gazan,wh2_main_skv_clan_skyre,120,187,337,Skaven
wh2_main_obsidian_peaks_clar_karond,wh2_main_hef_nagarythe,121,132,282,High Elves
wh_main_ostland_wolfenburg,wh_main_emp_empire,122,183,69,Empire
wh_main_northern_worlds_edge_mountains_khazid_irkulaz,wh_main_dwf_dwarfs,122,187,52,Dwarves
wh2_main_southern_jungle_of_pahualaxa_monument_of_the_moon,wh2_main_skv_clan_skyre,123,187,337,Skaven
wh2_main_obsidian_peaks_venom_glade,wh2_main_hef_eataine,124,187,277,High Elves
wh2_main_blackspine_mountains_plain_of_spiders,wh2_main_hef_eataine,124,187,277,High Elves
wh2_main_devils_backbone_mahrak,wh2_main_lzd_teotiqua,124,137,294,Lizardmen
wh_main_ostermark_mordheim,wh_main_emp_empire,124,139,69,Empire
wh2_main_eataine_lothern,wh2_main_skv_clan_skyre,125,187,337,Skaven
wh_main_black_mountains_karak_angazhar,wh2_main_skv_clan_skyre,125,187,337,Skaven
wh_main_the_wasteland_marienburg,wh_main_brt_bretonnia,125,181,39,Bretonnia
wh_main_northern_worlds_edge_mountains_karak_ungor,wh_main_dwf_dwarfs,125,187,52,Dwarves
wh2_main_great_desert_of_araby_bel_aliad,wh2_main_brt_knights_of_origo,125,187,231,Bretonnia
wh2_main_deadwood_shagrath,wh2_main_nor_aghol,126,187,298,Norsca
wh2_main_eataine_angerrial,wh2_main_skv_clan_skyre,126,187,337,Skaven
wh2_main_the_clawed_coast_hoteks_column,wh2_main_hef_eataine,126,187,277,High Elves
wh2_main_eataine_shrine_of_asuryan,wh2_main_skv_clan_skyre,127,187,337,Skaven
wh_main_black_mountains_mighdal_vongalbarak,wh2_main_skv_clan_skyre,127,187,337,Skaven
wh2_main_saphery_port_elistor,wh2_main_skv_clan_skyre,127,187,337,Skaven
wh2_main_blackspine_mountains_plain_of_dogs,wh2_main_hef_eataine,128,130,277,High Elves
wh2_main_saphery_tower_of_hoeth,wh2_main_skv_clan_skyre,128,187,337,Skaven
wh2_main_obsidian_peaks_storag_kor,wh2_main_hef_eataine,129,187,277,High Elves
wh_main_black_mountains_karak_hirn,wh2_main_skv_clan_skyre,129,187,337,Skaven
wh2_main_tiranoc_tor_anroc,wh2_main_def_naggarond,129,187,261,Dark Elves
wh2_main_land_of_the_dead_khemri,wh2_main_lzd_tlaqua,130,140,295,Lizardmen
wh2_main_fort_soll,wh2_main_skv_clan_skyre,130,187,337,Skaven
wh2_main_naggaroth_glade,wh2_main_hef_eataine,130,132,277,High Elves
wh2_main_northern_worlds_edge_mountains_karak_raziak,wh_main_dwf_dwarfs,130,187,52,Dwarves
wh_main_southern_badlands_gor_gazan,wh2_main_brt_knights_of_origo,130,135,231,Bretonnia
wh2_main_solland_pfeildorf,wh2_main_skv_clan_skyre,131,187,337,Skaven
wh2_main_solland_steingart,wh2_main_skv_clan_skyre,131,187,337,Skaven
wh2_main_blackspine_mountains_plain_of_dogs,wh2_dlc12_lzd_cult_of_sotek,131,142,181,Lizardmen
wh_main_averland_averheim,wh2_main_skv_clan_skyre,132,187,337,Skaven
wh2_main_misty_hills_wreckers_point,wh_dlc08_nor_norsca,132,166,33,Norsca
wh2_main_avelorn_gaean_vale,wh2_main_skv_clan_skyre,132,187,337,Skaven
wh2_main_doom_glades_temple_of_addaioth,wh2_main_hef_eataine,132,135,277,High Elves
wh2_main_obsidian_peaks_clar_karond,wh2_main_hef_eataine,133,187,277,High Elves
wh_main_averland_grenzstadt,wh2_main_skv_clan_skyre,133,187,337,Skaven
wh2_main_naggaroth_glade,wh2_dlc12_lzd_cult_of_sotek,133,139,181,Lizardmen
wh2_main_doom_glades_hag_hall,wh2_main_hef_eataine,134,187,277,High Elves
wh_main_wissenland_wissenburg,wh2_main_skv_clan_skyre,134,187,337,Skaven
wh_main_stirland_the_moot,wh2_main_skv_clan_skyre,135,187,337,Skaven
wh_main_western_sylvania_schwartzhafen,wh2_main_skv_clan_skyre,135,187,337,Skaven
wh2_main_doom_glades_vauls_anvil,wh2_main_hef_eataine,136,187,277,High Elves
wh_main_western_sylvania_fort_oberstyre,wh2_main_skv_clan_skyre,136,187,337,Skaven
wh_main_western_sylvania_castle_templehof,wh2_main_skv_clan_skyre,136,187,337,Skaven
wh2_main_doom_glades_temple_of_addaioth,wh2_dlc12_lzd_cult_of_sotek,136,187,181,Lizardmen
wh2_main_land_of_the_dervishes_sudenburg,wh2_dlc09_tmb_dune_kingdoms,136,187,129,Tomb Kings
wh_main_troll_country_erengrad,wh_main_emp_empire,137,167,69,Empire
wh_main_eastern_sylvania_eschen,wh2_main_skv_clan_skyre,137,187,337,Skaven
wh2_main_ash_river_numas,wh2_main_lzd_tlaqua,137,145,295,Lizardmen
wh_main_wissenland_wissenburg,wh_main_emp_empire,138,138,69,Empire
wh_main_eastern_sylvania_waldenhof,wh2_main_skv_clan_skyre,138,187,337,Skaven
wh2_main_tiranoc_whitepeak,wh2_main_def_naggarond,139,187,261,Dark Elves
wh2_main_northern_dark_lands_silver_pinnacle,wh_main_dwf_dwarfs,139,187,52,Dwarves
wh_main_ostermark_essen,wh2_main_skv_clan_skyre,139,156,337,Skaven
wh2_main_devils_backbone_lybaras,wh2_main_skv_clan_skyre,140,187,337,Skaven
wh_main_ostermark_mordheim,wh2_main_skv_clan_skyre,140,155,337,Skaven
wh2_main_naggaroth_glade,wh2_main_lzd_hexoatl,140,187,287,Lizardmen
wh2_main_doom_glades_ice_rock_gorge,wh2_main_hef_eataine,141,187,277,High Elves
wh2_main_ellyrion_tor_elyr,wh2_main_def_naggarond,141,187,261,Dark Elves
wh2_main_coast_of_araby_copher,wh2_dlc09_tmb_khemri,141,187,132,Tomb Kings
wh_main_stirland_flensburg,wh2_main_skv_clan_skyre,141,187,337,Skaven
wh2_main_solland_pfeildorf,wh_main_emp_empire,141,143,69,Empire
wh2_main_ash_river_quatar,wh2_main_lzd_tlaqua,141,143,295,Lizardmen
wh_main_eastern_oblast_praag,wh_main_dwf_dwarfs,142,181,52,Dwarves
wh_main_ostermark_nagenhof,wh2_main_skv_clan_skyre,142,151,337,Skaven
wh_main_southern_oblast_kislev,wh_main_dwf_dwarfs,142,183,52,Dwarves
wh_main_southern_oblast_fort_jakova,wh2_main_skv_clan_skyre,143,187,337,Skaven
wh2_main_blackspine_mountains_plain_of_dogs,wh2_main_lzd_hexoatl,143,187,287,Lizardmen
wh2_main_northern_dark_lands_seep_gore,wh_main_dwf_dwarfs,143,187,52,Dwarves
wh_main_eastern_oblast_volksgrad,wh_main_dwf_dwarfs,143,187,52,Dwarves
wh2_main_avelorn_tor_saroir,wh2_main_hef_chrace,144,153,275,High Elves
wh2_main_northern_jungle_of_pahualaxa_swamp_town,wh2_main_skv_clan_skyre,144,187,337,Skaven
wh_main_wissenland_pfeildorf,wh2_main_skv_clan_skyre,145,187,337,Skaven
wh2_main_misty_hills_wreckers_point,wh_main_brt_bretonnia,145,151,39,Bretonnia
wh2_main_southern_jungle_of_pahualaxa_pahuax,wh2_main_skv_clan_skyre,146,187,337,Skaven
wh_main_talabecland_krugenheim,wh2_main_skv_clan_skyre,146,187,337,Skaven
wh2_main_avelorn_evershale,wh2_main_hef_chrace,146,153,275,High Elves
wh2_main_saphery_tor_finu,wh2_main_hef_chrace,146,153,275,High Elves
wh_main_stirland_niedling,wh2_main_skv_clan_skyre,147,187,337,Skaven
wh2_main_southern_jungle_of_pahualaxa_the_high_sentinel,wh2_main_skv_clan_skyre,147,187,337,Skaven
wh_main_wissenland_nuln,wh2_main_skv_clan_skyre,147,187,337,Skaven
wh_main_reikland_grunburg,wh2_main_skv_clan_skyre,148,187,337,Skaven
wh2_main_caledor_tor_sethai,wh2_main_def_naggarond,148,164,261,Dark Elves
wh2_main_southern_jungle_of_pahualaxa_floating_pyramid,wh2_main_skv_clan_skyre,148,167,337,Skaven
wh2_main_the_black_coast_bleak_hold_fortress,wh2_main_hef_eataine,148,187,277,High Elves
wh_main_stirland_wurtbad,wh2_main_skv_clan_skyre,149,187,337,Skaven
wh_main_talabecland_kemperbad,wh2_main_skv_clan_skyre,149,187,337,Skaven
wh2_main_great_mortis_delta_black_pyramid_of_nagash,wh2_main_skv_clan_skyre,149,187,337,Skaven
wh_main_southern_grey_mountains_grimhold,wh2_main_skv_clan_skyre,152,187,337,Skaven
wh_main_the_vaults_karak_bhufdar,wh2_main_skv_clan_skyre,152,187,337,Skaven
wh_main_ostermark_nagenhof,wh_main_dwf_dwarfs,152,165,52,Dwarves
wh2_main_northern_great_jungle_temple_of_tlencan,wh2_main_lzd_hexoatl,153,187,287,Lizardmen
wh2_main_northern_jungle_of_pahualaxa_port_reaver,wh2_main_skv_clan_skyre,153,187,337,Skaven
wh2_main_eataine_tower_of_lysean,wh2_main_skv_clan_skyre,153,187,337,Skaven
wh2_main_spine_of_sotek_monument_of_izzatal,wh2_main_lzd_hexoatl,153,187,287,Lizardmen
wh_main_southern_grey_mountains_karak_norn,wh2_main_skv_clan_skyre,154,187,337,Skaven
wh_main_nordland_salzenmund,wh_main_emp_empire,154,187,69,Empire
wh2_main_isthmus_of_lustria_hexoatl,wh2_main_skv_clan_skyre,155,187,337,Skaven
wh2_main_the_black_coast_arnheim,wh2_main_hef_eataine,155,187,277,High Elves
wh2_main_the_broken_land_slavers_point,wh2_main_def_naggarond,155,187,261,Dark Elves
wh_main_eastern_sylvania_castle_drakenhof,wh2_main_skv_clan_skyre,155,187,337,Skaven
wh_main_southern_grey_mountains_karak_azgaraz,wh2_main_skv_clan_skyre,156,187,337,Skaven
wh_main_the_silver_road_karaz_a_karak,wh2_main_skv_clan_skyre,156,187,337,Skaven
wh2_main_isthmus_of_lustria_fallen_gates,wh2_main_skv_clan_skyre,156,187,337,Skaven
wh_main_the_vaults_karak_izor,wh2_main_skv_clan_skyre,156,187,337,Skaven
wh2_main_southern_jungle_of_pahualaxa_floating_pyramid,wh2_main_lzd_sentinels_of_xeti,156,158,293,Lizardmen
wh_main_zhufbar_zhufbar,wh2_main_skv_clan_skyre,156,184,337,Skaven
wh_main_zhufbar_oakenhammer,wh2_main_skv_clan_skyre,156,185,337,Skaven
wh2_main_the_broken_land_karond_kar,wh_main_nor_bjornling,157,181,105,Norsca
wh2_main_vampire_coast_the_awakening,wh2_main_lzd_hexoatl,157,186,287,Lizardmen
wh_main_ostermark_essen,wh_main_dwf_dwarfs,157,178,52,Dwarves
wh_main_reikland_helmgart,wh2_main_skv_clan_skyre,157,187,337,Skaven
wh_main_the_silver_road_the_pillars_of_grungni,wh2_main_skv_clan_skyre,157,187,337,Skaven
wh_main_rib_peaks_grom_peak,wh2_main_skv_clan_skyre,157,187,337,Skaven
wh2_main_the_clawed_coast_the_twisted_glade,wh2_main_lzd_itza,158,187,288,Lizardmen
wh_main_reikland_altdorf,wh2_main_skv_clan_skyre,158,187,337,Skaven
wh_main_the_silver_road_mount_squighorn,wh2_main_skv_clan_skyre,158,187,337,Skaven
wh2_main_isthmus_of_lustria_ziggurat_of_dawn,wh2_main_skv_clan_skyre,158,187,337,Skaven
wh_main_zhufbar_karag_dromar,wh2_main_skv_clan_skyre,159,187,337,Skaven
wh2_main_nagarythe_shrine_of_khaine,wh2_main_hef_eataine,159,187,277,High Elves
wh2_main_nagarythe_tor_anlec,wh2_main_hef_eataine,159,164,277,High Elves
wh2_main_titan_peaks_ironspike,wh2_main_hef_eataine,159,187,277,High Elves
wh_main_eastern_sylvania_waldenhof,wh_main_dwf_dwarfs,159,177,52,Dwarves
wh_main_athel_loren_yn_edryl_korian,wh2_main_skv_clan_skyre,159,187,337,Skaven
wh2_main_isthmus_of_lustria_skeggi,wh2_main_skv_clan_skyre,159,187,337,Skaven
wh_main_rib_peaks_mount_gunbad,wh2_main_skv_clan_skyre,159,181,337,Skaven
wh_main_yn_edri_eternos_the_oak_of_ages,wh2_main_skv_clan_skyre,160,187,337,Skaven
wh_main_middenland_carroburg,wh2_main_skv_clan_skyre,160,174,337,Skaven
wh_main_death_pass_karag_dron,wh2_main_skv_clan_skyre,160,187,337,Skaven
wh2_main_chrace_elisia,wh2_main_hef_eataine,160,187,277,High Elves
wh2_main_laurelorn_forest_laurelorn_forest,wh_main_brt_bretonnia,160,171,39,Bretonnia
wh2_main_titan_peaks_ssildra_tor,wh2_main_hef_eataine,160,187,277,High Elves
wh_main_middenland_weismund,wh2_main_skv_clan_skyre,161,172,337,Skaven
wh_main_trollheim_mountains_the_tower_of_khrakk,wh_dlc08_nor_wintertooth,161,187,35,Norsca
wh_main_middenland_middenstag,wh2_main_skv_clan_skyre,162,187,337,Skaven
wh2_main_chrace_tor_achare,wh2_main_hef_eataine,162,187,277,High Elves
wh2_main_volcanic_islands_fuming_serpent,wh2_main_hef_eataine,162,162,277,High Elves
wh_main_peak_pass_karak_kadrin,wh_main_dwf_dwarfs,162,187,52,Dwarves
wh_main_hochland_hergig,wh2_main_skv_clan_skyre,163,187,337,Skaven
wh_main_death_pass_karak_drazh,wh2_main_skv_clan_skyre,163,187,337,Skaven
wh_main_reikland_eilhart,wh2_main_skv_clan_skyre,163,187,337,Skaven
wh2_main_volcanic_islands_fuming_serpent,wh2_dlc09_tmb_khemri,163,172,132,Tomb Kings
wh2_main_titan_peaks_ancient_city_of_quintex,wh2_main_hef_eataine,164,187,277,High Elves
wh_main_talabecland_talabheim,wh2_main_skv_clan_skyre,164,187,337,Skaven
wh_main_talabecland_kappelburg,wh2_main_skv_clan_skyre,165,187,337,Skaven
wh2_main_nagarythe_tor_anlec,wh2_main_def_naggarond,165,187,261,Dark Elves
wh_main_desolation_of_nagash_black_iron_mine,wh2_main_skv_clan_skyre,165,187,337,Skaven
wh_main_carcassone_et_brionne_castle_carcassonne,wh2_main_skv_clan_skyre,165,187,337,Skaven
wh2_main_northern_jungle_of_pahualaxa_shrine_of_sotek,wh2_main_skv_clan_skyre,166,187,337,Skaven
wh_main_parravon_et_quenelles_quenelles,wh2_main_skv_clan_skyre,166,187,337,Skaven
wh2_main_the_wolf_lands_crookback_mountain,wh2_main_skv_clan_skyre,166,187,337,Skaven
wh2_main_titan_peaks_the_moon_shard,wh2_main_hef_eataine,167,187,277,High Elves
wh2_main_ash_river_numas,wh2_main_brt_knights_of_origo,167,187,231,Bretonnia
wh_main_parravon_et_quenelles_parravon,wh2_main_skv_clan_skyre,167,187,337,Skaven
wh_main_athel_loren_crag_halls,wh2_main_skv_clan_skyre,168,187,337,Skaven
wh_main_middenland_middenheim,wh2_main_skv_clan_skyre,168,187,337,Skaven
wh_main_bastonne_et_montfort_montfort,wh2_main_skv_clan_skyre,168,187,337,Skaven
wh_main_eastern_sylvania_eschen,wh_main_dwf_dwarfs,168,177,52,Dwarves
wh2_main_fort_helmgart,wh2_main_skv_clan_skyre,169,187,337,Skaven
wh_main_athel_loren_vauls_anvil,wh2_main_skv_clan_skyre,169,187,337,Skaven
wh_main_carcassone_et_brionne_brionne,wh_main_brt_bretonnia,170,173,39,Bretonnia
wh_main_hochland_brass_keep,wh_main_emp_empire,170,187,69,Empire
wh_main_northern_grey_mountains_karak_ziflin,wh2_main_skv_clan_skyre,170,187,337,Skaven
wh2_main_northern_jungle_of_pahualaxa_macu_peaks,wh2_main_skv_clan_skyre,171,187,337,Skaven
wh2_main_caledor_tor_sethai,wh2_main_skv_clan_skyre,171,187,337,Skaven
wh_main_northern_grey_mountains_blackstone_post,wh2_main_skv_clan_skyre,171,187,337,Skaven
wh2_main_laurelorn_forest_laurelorn_forest,wh2_main_skv_clan_skyre,172,187,337,Skaven
wh_main_couronne_et_languille_languille,wh2_twa03_def_rakarth,172,184,347,Dark Elves
wh_main_forest_of_arden_gisoreux,wh2_main_skv_clan_skyre,172,187,337,Skaven
wh2_main_misty_hills_the_black_pit,wh2_main_skv_clan_skyre,173,187,337,Skaven
wh2_main_volcanic_islands_fuming_serpent,wh2_main_lzd_hexoatl,173,187,287,Lizardmen
wh2_main_albion_citadel_of_lead,wh_main_nor_bjornling,175,187,105,Norsca
wh_main_bordeleaux_et_aquitaine_aquitaine,wh2_main_skv_clan_skyre,176,187,337,Skaven
wh2_main_atalan_mountains_vulture_mountain,wh_main_dwf_dwarfs,177,187,52,Dwarves
wh_main_forest_of_arden_castle_artois,wh2_main_skv_clan_skyre,177,187,337,Skaven
wh_main_bordeleaux_et_aquitaine_bordeleaux,wh2_main_skv_clan_skyre,177,187,337,Skaven
wh_main_bastonne_et_montfort_castle_bastonne,wh2_main_skv_clan_skyre,178,187,337,Skaven
wh_main_bastonne_et_montfort_montfort,wh_main_brt_bretonnia,179,179,39,Bretonnia
wh_main_the_wasteland_gorssel,wh2_main_skv_clan_skyre,180,187,337,Skaven
wh_main_couronne_et_languille_couronne,wh2_main_skv_clan_skyre,181,187,337,Skaven
wh_main_northern_grey_mountains_grung_zint,wh2_main_skv_clan_skyre,182,187,337,Skaven
wh_main_the_wasteland_aarnau,wh2_main_skv_clan_skyre,182,187,337,Skaven
wh_main_the_wasteland_marienburg,wh2_main_skv_clan_skyre,182,187,337,Skaven
wh_main_southern_oblast_fort_jakova,wh_main_dwf_dwarfs,183,183,52,Dwarves
wh2_main_fort_bergbres,wh2_main_skv_clan_skyre,183,187,337,Skaven
wh_main_talabecland_kemperbad,wh_main_emp_empire,183,184,69,Empire
wh_main_forest_of_arden_gisoreux,wh_main_brt_bretonnia,183,183,39,Bretonnia
wh_main_middenland_middenstag,wh_main_emp_empire,184,186,69,Empire
wh_main_southern_oblast_kislev,wh2_main_skv_clan_moulder,184,187,331,Skaven
wh_main_couronne_et_languille_languille,wh2_main_def_naggarond,185,187,261,Dark Elves
wh_main_carcassone_et_brionne_brionne,wh2_main_lzd_tlaqua,187,187,295,Lizardmen
wh2_main_vampire_coast_the_awakening,wh2_main_skv_clan_skyre,187,187,337,Skaven
wh2_main_hell_pit_hell_pit,wh2_main_skv_clan_skyre,187,187,337,Skaven
